[{"model": "admin.logentry", "pk": 1, "fields": {"action_time": "2025-11-10T10:38:13.656Z", "user": 1, "content_type": 4, "object_id": "1", "object_repr": "postgres", "action_flag": 2, "change_message": "[{\"changed\": {\"fields\": [\"First name\", \"Last name\"]}}]"}}, {"model": "admin.logentry", "pk": 2, "fields": {"action_time": "2025-11-12T00:49:10.048Z", "user": 1, "content_type": 10, "object_id": "1", "object_repr": "vũ thị nguyệt (ID: 1)", "action_flag": 1, "change_message": "[{\"added\": {}}]"}}, {"model": "admin.logentry", "pk": 3, "fields": {"action_time": "2025-11-12T00:51:08.990Z", "user": 1, "content_type": 9, "object_id": "1", "object_repr": "Phan Xuân Phước Thịnh", "action_flag": 1, "change_message": "[{\"added\": {}}]"}}, {"model": "admin.logentry", "pk": 4, "fields": {"action_time": "2025-12-03T07:47:55.752Z", "user": 1, "content_type": 11, "object_id": "3", "object_repr": "Số tiền vay (so_tien_vay)", "action_flag": 1, "change_message": "[{\"added\": {}}]"}}, {"model": "admin.logentry", "pk": 5, "fields": {"action_time": "2025-12-04T03:59:40.782Z", "user": 1, "content_type": 11, "object_id": "4", "object_repr": "Địa chỉ (dia_chi_khach_hang)", "action_flag": 1, "change_message": "[{\"added\": {}}]"}}, {"model": "admin.logentry", "pk": 6, "fields": {"action_time": "2025-12-04T06:38:15.667Z", "user": 1, "content_type": 8, "object_id": "1", "object_repr": "dia_chi_khach_hang: 30000000000", "action_flag": 1, "change_message": "[{\"added\": {}}]"}}, {"model": "admin.logentry", "pk": 7, "fields": {"action_time": "2025-12-04T08:23:01.652Z", "user": 1, "content_type": 10, "object_id": "1", "object_repr": "vũ thị nguyệt", "action_flag": 3, "change_message": ""}}, {"model": "admin.logentry", "pk": 8, "fields": {"action_time": "2025-12-04T08:23:41.739Z", "user": 1, "content_type": 10, "object_id": "2", "object_repr": "Phạm Quang Tiến - Yến Nhi", "action_flag": 1, "change_message": "[{\"added\": {}}]"}}, {"model": "admin.logentry", "pk": 9, "fields": {"action_time": "2025-12-04T08:23:59.853Z", "user": 1, "content_type": 9, "object_id": "1", "object_repr": "Phan Xuân Phước Thịnh (None)", "action_flag": 3, "change_message": ""}}, {"model": "admin.logentry", "pk": 10, "fields": {"action_time": "2025-12-04T08:24:18.109Z", "user": 1, "content_type": 9, "object_id": "2", "object_repr": "Phạm Quang Tiến (123456789)", "action_flag": 1, "change_message": "[{\"added\": {}}]"}}, {"model": "admin.logentry", "pk": 11, "fields": {"action_time": "2025-12-04T08:24:54.146Z", "user": 1, "content_type": 9, "object_id": "3", "object_repr": "Lương Thị Yến Nhi (987654321)", "action_flag": 1, "change_message": "[{\"added\": {}}]"}}, {"model": "admin.logentry", "pk": 12, "fields": {"action_time": "2025-12-04T08:46:19.125Z", "user": 1, "content_type": 7, "object_id": "1", "object_repr": "Lương Thị Yến Nhi -> Phạm Quang Tiến - Yến Nhi", "action_flag": 1, "change_message": "[{\"added\": {}}]"}}, {"model": "admin.logentry", "pk": 13, "fields": {"action_time": "2025-12-04T08:46:41.679Z", "user": 1, "content_type": 7, "object_id": "2", "object_repr": "Phạm Quang Tiến -> Phạm Quang Tiến - Yến Nhi", "action_flag": 1, "change_message": "[{\"added\": {}}]"}}, {"model": "admin.logentry", "pk": 14, "fields": {"action_time": "2025-12-04T09:27:22.171Z", "user": 1, "content_type": 8, "object_id": "2", "object_repr": "dia_chi_khach_hang: 160 Lê Hồng Phong, Buôn Ma Thuột, Đăk Lăk", "action_flag": 1, "change_message": "[{\"added\": {}}]"}}, {"model": "admin.logentry", "pk": 15, "fields": {"action_time": "2025-12-04T09:27:55.906Z", "user": 1, "content_type": 8, "object_id": "3", "object_repr": "dia_chi_khach_hang: 04, Lê Đại Cang, Buôn Ma Thuột, Đăk Lăk", "action_flag": 1, "change_message": "[{\"added\": {}}]"}}, {"model": "admin.logentry", "pk": 16, "fields": {"action_time": "2025-12-04T09:28:41.302Z", "user": 1, "content_type": 8, "object_id": "4", "object_repr": "ngay_cap_cccd: 16/04/2021", "action_flag": 1, "change_message": "[{\"added\": {}}]"}}, {"model": "admin.logentry", "pk": 17, "fields": {"action_time": "2025-12-04T09:29:16.970Z", "user": 1, "content_type": 8, "object_id": "5", "object_repr": "ngay_cap_cccd: 22/10/2022", "action_flag": 1, "change_message": "[{\"added\": {}}]"}}, {"model": "admin.logentry", "pk": 18, "fields": {"action_time": "2025-12-04T09:31:05.626Z", "user": 1, "content_type": 8, "object_id": "6", "object_repr": "noi_cap_cccd: Cục cảnh sát TTXH", "action_flag": 1, "change_message": "[{\"added\": {}}]"}}, {"model": "admin.logentry", "pk": 19, "fields": {"action_time": "2025-12-04T09:31:52.373Z", "user": 1, "content_type": 8, "object_id": "7", "object_repr": "noi_cap_cccd: Cục quản lý TTXH", "action_flag": 1, "change_message": "[{\"added\": {}}]"}}, {"model": "admin.logentry", "pk": 20, "fields": {"action_time": "2025-12-06T18:21:14.439Z", "user": 1, "content_type": 12, "object_id": "1", "object_repr": "Mẫu Hợp Đồng Test", "action_flag": 1, "change_message": "[{\"added\": {}}]"}}, {"model": "admin.logentry", "pk": 21, "fields": {"action_time": "2025-12-08T07:09:36.625Z", "user": 1, "content_type": 12, "object_id": "2", "object_repr": "Hợp Đồng Tín Dụng", "action_flag": 1, "change_message": "[{\"added\": {}}]"}}, {"model": "admin.logentry", "pk": 22, "fields": {"action_time": "2025-12-09T01:56:57.760Z", "user": 1, "content_type": 13, "object_id": "1", "object_repr": "Thông tin cá nhân", "action_flag": 1, "change_message": "[{\"added\": {}}]"}}, {"model": "admin.logentry", "pk": 23, "fields": {"action_time": "2025-12-09T01:57:16.151Z", "user": 1, "content_type": 13, "object_id": "2", "object_repr": "Thông tin tài sản", "action_flag": 1, "change_message": "[{\"added\": {}}]"}}, {"model": "admin.logentry", "pk": 24, "fields": {"action_time": "2025-12-09T01:57:29.907Z", "user": 1, "content_type": 13, "object_id": "3", "object_repr": "Thông tin khoản vay", "action_flag": 1, "change_message": "[{\"added\": {}}]"}}, {"model": "admin.logentry", "pk": 25, "fields": {"action_time": "2025-12-09T01:57:50.415Z", "user": 1, "content_type": 11, "object_id": "4", "object_repr": "Địa chỉ (dia_chi_khach_hang)", "action_flag": 2, "change_message": "[{\"changed\": {\"fields\": [\"Nh\\u00f3m\"]}}]"}}, {"model": "admin.logentry", "pk": 26, "fields": {"action_time": "2025-12-09T01:57:58.622Z", "user": 1, "content_type": 11, "object_id": "3", "object_repr": "Số tiền vay (so_tien_vay)", "action_flag": 2, "change_message": "[{\"changed\": {\"fields\": [\"Nh\\u00f3m\"]}}]"}}, {"model": "admin.logentry", "pk": 27, "fields": {"action_time": "2025-12-09T01:58:06.914Z", "user": 1, "content_type": 11, "object_id": "2", "object_repr": "Ngày cấp CCCD (ngay_cap_cccd)", "action_flag": 2, "change_message": "[{\"changed\": {\"fields\": [\"Nh\\u00f3m\"]}}]"}}, {"model": "admin.logentry", "pk": 28, "fields": {"action_time": "2025-12-09T01:58:12.598Z", "user": 1, "content_type": 11, "object_id": "1", "object_repr": "Nơi cấp CCCD (noi_cap_cccd)", "action_flag": 2, "change_message": "[{\"changed\": {\"fields\": [\"Nh\\u00f3m\"]}}]"}}, {"model": "admin.logentry", "pk": 29, "fields": {"action_time": "2025-12-19T09:19:23.917Z", "user": 6, "content_type": 9, "object_id": "7", "object_repr": "Person ID: 7", "action_flag": 3, "change_message": ""}}, {"model": "admin.logentry", "pk": 30, "fields": {"action_time": "2025-12-19T09:19:23.917Z", "user": 6, "content_type": 9, "object_id": "6", "object_repr": "Person ID: 6", "action_flag": 3, "change_message": ""}}, {"model": "admin.logentry", "pk": 31, "fields": {"action_time": "2025-12-19T09:19:23.917Z", "user": 6, "content_type": 9, "object_id": "5", "object_repr": "Person ID: 5", "action_flag": 3, "change_message": ""}}, {"model": "admin.logentry", "pk": 32, "fields": {"action_time": "2025-12-19T09:19:23.917Z", "user": 6, "content_type": 9, "object_id": "4", "object_repr": "Person ID: 4", "action_flag": 3, "change_message": ""}}, {"model": "admin.logentry", "pk": 33, "fields": {"action_time": "2025-12-19T09:19:23.917Z", "user": 6, "content_type": 9, "object_id": "3", "object_repr": "Person ID: 3", "action_flag": 3, "change_message": ""}}, {"model": "admin.logentry", "pk": 34, "fields": {"action_time": "2025-12-19T09:19:23.917Z", "user": 6, "content_type": 9, "object_id": "2", "object_repr": "Person ID: 2", "action_flag": 3, "change_message": ""}}, {"model": "admin.logentry", "pk": 35, "fields": {"action_time": "2025-12-19T09:19:33.702Z", "user": 6, "content_type": 10, "object_id": "4", "object_repr": "Hồng Thiên Tân - Vay Xe Oto", "action_flag": 3, "change_message": ""}}, {"model": "admin.logentry", "pk": 36, "fields": {"action_time": "2025-12-19T09:19:33.702Z", "user": 6, "content_type": 10, "object_id": "3", "object_repr": "Xe máy Trương Hòa Lợi", "action_flag": 3, "change_message": ""}}, {"model": "admin.logentry", "pk": 37, "fields": {"action_time": "2025-12-19T09:19:33.702Z", "user": 6, "content_type": 10, "object_id": "2", "object_repr": "Phạm Quang Tiến - Yến Nhi", "action_flag": 3, "change_message": ""}}, {"model": "admin.logentry", "pk": 38, "fields": {"action_time": "2025-12-19T09:54:38.374Z", "user": 6, "content_type": 10, "object_id": "5", "object_repr": "Hồ sơ mới", "action_flag": 1, "change_message": "[{\"added\": {}}]"}}, {"model": "admin.logentry", "pk": 39, "fields": {"action_time": "2025-12-19T10:14:12.261Z", "user": 6, "content_type": 10, "object_id": "5", "object_repr": "Hồ sơ mới", "action_flag": 3, "change_message": ""}}, {"model": "admin.logentry", "pk": 40, "fields": {"action_time": "2026-01-15T02:01:43.889Z", "user": 6, "content_type": 4, "object_id": "6", "object_repr": "admin", "action_flag": 2, "change_message": "[{\"changed\": {\"fields\": [\"password\"]}}]"}}, {"model": "admin.logentry", "pk": 41, "fields": {"action_time": "2026-01-15T08:16:01.847Z", "user": 6, "content_type": 4, "object_id": "6", "object_repr": "admin", "action_flag": 2, "change_message": "[{\"changed\": {\"fields\": [\"password\"]}}]"}}, {"model": "admin.logentry", "pk": 42, "fields": {"action_time": "2026-02-02T15:11:23.583Z", "user": 6, "content_type": 21, "object_id": "11", "object_repr": "Đại diện Ngân Hàng", "action_flag": 2, "change_message": "[{\"changed\": {\"fields\": [\"Cho ph\\u00e9p li\\u00ean k\\u1ebft\"]}}]"}}, {"model": "auth.group", "pk": 1, "fields": {"name": "quản trị", "permissions": [4, 12, 5, 6, 7, 8, 61, 62, 64, 92, 45, 48, 41, 42, 44, 49, 50, 52, 29, 30, 32, 69, 70, 72, 37, 38, 40, 65, 66, 68, 77, 78, 80, 25, 26, 28, 73, 74, 76, 85, 86, 88, 81, 82, 84, 33, 34, 36, 60]}}, {"model": "auth.group", "pk": 2, "fields": {"name": "soạn thảo", "permissions": [12, 16, 61, 62, 63, 64, 92, 48, 69, 70, 37, 38, 40, 65, 66, 67, 68, 77, 78, 79, 80, 25, 26, 27, 28, 73, 74, 75, 76, 85, 86, 87, 88, 33, 34, 36, 56]}}, {"model": "auth.group", "pk": 3, "fields": {"name": "Nhân viên tín dụng", "permissions": [61, 62, 63, 64, 37, 38, 39, 40]}}, {"model": "auth.user", "pk": 1, "fields": {"password": "pbkdf2_sha256$1000000$XOON6ETHM8k6PKm5gj6BIT$83HjNPuPs5URIfrYYfGZabdl9MPdf7EO6a2vrMzOTVU=", "last_login": "2025-12-19T08:34:07.693Z", "is_superuser": true, "username": "postgres", "first_name": "thinh", "last_name": "phan", "email": "thinhpxp@gmail.com", "is_staff": true, "is_active": true, "date_joined": "2025-11-10T10:28:47Z", "groups": [], "user_permissions": []}}, {"model": "auth.user", "pk": 6, "fields": {"password": "pbkdf2_sha256$1000000$VSgZJqMIhsIWMr00UIizyp$gd2Pm2aCxl0DULtEyCr3cgZrn/Ckk4Y3KujOxRXn88M=", "last_login": "2026-02-02T15:10:38.279Z", "is_superuser": true, "username": "admin", "first_name": "", "last_name": "", "email": "admin@example.com", "is_staff": true, "is_active": true, "date_joined": "2025-12-19T08:45:58.655Z", "groups": [1], "user_permissions": []}}, {"model": "auth.user", "pk": 7, "fields": {"password": "pbkdf2_sha256$1000000$gDd3sJ8c1gO4w36EVXEqyX$6T6C4Fv7HDIOKTUtvBxUjuqqOD95xyHk/Bd7+sAKy8c=", "last_login": null, "is_superuser": false, "username": "test", "first_name": "", "last_name": "", "email": "test_updated@gmail.com", "is_staff": false, "is_active": true, "date_joined": "2026-01-14T04:13:18.216Z", "groups": [2], "user_permissions": []}}, {"model": "auth.user", "pk": 15, "fields": {"password": "pbkdf2_sha256$1000000$clFBAIP5sroFLpyf6AAOzN$MDbMoJ0/YatWzCl1CbXeLtXvqXkvr8TzqkCZsYV71uc=", "last_login": null, "is_superuser": false, "username": "tester", "first_name": "", "last_name": "", "email": "testtester@example.com", "is_staff": false, "is_active": true, "date_joined": "2026-02-05T04:50:33.931Z", "groups": [2], "user_permissions": []}}, {"model": "sessions.session", "pk": "0cc5rzgklqibg98u7wr3c2dedozcjtbl", "fields": {"session_data": "e30:1vW9rt:CRzoOAt_OpeyeGc14WeU8oF9XvBimD_E91MTBAwJcj0", "expire_date": "2026-01-01T09:00:17.493Z"}}, {"model": "sessions.session", "pk": "1uz2m2q04r44vlrfxa0hbz20akzoikke", "fields": {"session_data": ".eJxVjMsOwiAQRf-FtSHDqxCX7v0GMsOAVA0kpV0Z_12bdKHbe865LxFxW2vcRl7izOIslDj9boTpkdsO-I7t1mXqbV1mkrsiDzrktXN-Xg7376DiqN9aa1LWG54oK5w8ki8JNHsNnpkNYoIQFLmSLVhTXEGN4MCEEgI5m8T7A-w6OBY:1vR4vn:opMeOkMWoUIsAZLD_bj37PHDYUU3_p4Z1U1T1YFTNhU", "expire_date": "2025-12-18T08:43:19.924Z"}}, {"model": "sessions.session", "pk": "3amb6vfglumb9x2l5rsialnco6fl6knm", "fields": {"session_data": "e30:1vWVw7:apvVCM5y3RTXcfPYNF6b5Jh4upsPl-h_0F3CaNq3g0s", "expire_date": "2026-01-02T08:34:07.670Z"}}, {"model": "sessions.session", "pk": "bh3gkpjgqdxjamrpv0te19r7uywhx304", "fields": {"session_data": ".eJxVjMsOwiAQRf-FtSHDqxCX7v0GMsOAVA0kpV0Z_12bdKHbe865LxFxW2vcRl7izOIslDj9boTpkdsO-I7t1mXqbV1mkrsiDzrktXN-Xg7376DiqN9aa1LWG54oK5w8ki8JNHsNnpkNYoIQFLmSLVhTXEGN4MCEEgI5m8T7A-w6OBY:1vR0oq:dU3SqQdsHER3YFqYPFBEFssCtoRqMqUIFoWRf0w4ClM", "expire_date": "2025-12-18T04:19:52.352Z"}}, {"model": "sessions.session", "pk": "bncu9axq0e1076qqnyzwvd6ynhpr0bxn", "fields": {"session_data": ".eJxVjMsOwiAQRf-FtSHDqxCX7v0GMsOAVA0kpV0Z_12bdKHbe865LxFxW2vcRl7izOIslDj9boTpkdsO-I7t1mXqbV1mkrsiDzrktXN-Xg7376DiqN9aa1LWG54oK5w8ki8JNHsNnpkNYoIQFLmSLVhTXEGN4MCEEgI5m8T7A-w6OBY:1vIP9L:1zuIcv606AIfxHQMR1cSRdJLpoJrmEp-RP1yzAttfNE", "expire_date": "2025-11-24T10:29:27.091Z"}}, {"model": "sessions.session", "pk": "cy8rq67rtpido1zbb4801qxo5oqbuhrl", "fields": {"session_data": "e30:1vWURn:FekBq1ykwJB0Yi0Seat1iSq2K-eO0yyyI7b7YpbRUlY", "expire_date": "2026-01-02T06:58:43.564Z"}}, {"model": "sessions.session", "pk": "eq3heiy8blyn0lu0rohqbvrxsk8g0hau", "fields": {"session_data": ".eJxVjEEOwiAQRe_C2hBggCEu3XsGMsAgVUOT0q6Md9cmXej2v_f-S0Ta1ha3wUucijgLL06_W6L84L6Dcqd-m2We-7pMSe6KPOiQ17nw83K4fweNRvvWVpkMulZAxR6dpaAYa3C6kveuYEH2lXTWGa0HUMYwBkwBHBkDCcT7A882NxY:1vmvZW:9czYvjExZIeWpJy8FqJgMuscA1UrLcHJadLpxo5yG_g", "expire_date": "2026-02-16T15:10:38.314Z"}}, {"model": "sessions.session", "pk": "j4lvxjmxvl5sabjfisdqfrmqcgnc07yb", "fields": {"session_data": "e30:1vW9os:QtqsLEqfC4G_Ko1KmXbuuKl2MOW9oNKpT6swAeb6WIk", "expire_date": "2026-01-01T08:57:10.783Z"}}, {"model": "sessions.session", "pk": "kv1alwe5y5lw4827g6jvwtlpijl4lpuq", "fields": {"session_data": "e30:1vW9ob:3aHOXm661Uq3SF9j79uLTVrpk6dXUOo8f2PqvJma_Ns", "expire_date": "2026-01-01T08:56:53.976Z"}}, {"model": "sessions.session", "pk": "q7bhpj0vugkmlhzkgdo2o9kvbgwptjy8", "fields": {"session_data": "e30:1vW9pW:u8V0V3g7qHMTIfH0Sv5yeI3kemQ5LI9hEJs-Wmy4beQ", "expire_date": "2026-01-01T08:57:50.580Z"}}, {"model": "sessions.session", "pk": "su9iyjrl16qkyn1hf3dbs26wdn5bov3d", "fields": {"session_data": "e30:1vW9y9:uG68VCsyV-OdboIP7cVRCpFFHk0kz9fZ2JG9p9zSxxM", "expire_date": "2026-01-01T09:06:45.307Z"}}, {"model": "sessions.session", "pk": "wg07aqgz7rvh2y9ssdvwhjt5itkcxd34", "fields": {"session_data": ".eJxVjEEOwiAQRe_C2hBggCEu3XsGMsAgVUOT0q6Md9cmXej2v_f-S0Ta1ha3wUucijgLL06_W6L84L6Dcqd-m2We-7pMSe6KPOiQ17nw83K4fweNRvvWVpkMulZAxR6dpaAYa3C6kveuYEH2lXTWGa0HUMYwBkwBHBkDCcT7A882NxY:1vgIWP:50LSu5sb0pfS9fOHn6RIOWCURjppiZLAvQAZtxG-A5Y", "expire_date": "2026-01-29T08:16:01.878Z"}}, {"model": "sessions.session", "pk": "xpkkajy9nomfahxuej4b9gdcopz21wpp", "fields": {"session_data": "e30:1vWURw:6nQ0LEjR0T74lSogLX1tKEK3ynSuWZjyCUNHwg8YbO4", "expire_date": "2026-01-02T06:58:52.559Z"}}, {"model": "sessions.session", "pk": "y73xhk9ynkrx0wu1k1oypo2txw9jfooo", "fields": {"session_data": "e30:1vW9oT:1tgXbxvxKFKaswXnOkYUNW8ICz_zJsv6G1sABmCcZmg", "expire_date": "2026-01-01T08:56:45.584Z"}}, {"model": "sessions.session", "pk": "zjf663hbja8orl8q49dhal85e2j8t1tu", "fields": {"session_data": ".eJxVjMEOwiAQRP-FsyGlsgt49O43EHYBqRqalPZk_Hdp0oMe5jLvzbyFD9ta_NbS4qcoLgLF6bejwM9UdxAfod5nyXNdl4nkrsiDNnmbY3pdD_fvoIRW-hqszYDOoHHENGhl0SAGjsBmzC5qO2hOCcDmlDVTz2i7flYYQRGIzxfWRjeo:1vWW97:W8_zx-uoL_fO9LeEqmnv52Vwlhw8pBvdYISkFF8wnN0", "expire_date": "2026-01-02T08:47:33.837Z"}}, {"model": "document_automation.formview", "pk": 1, "fields": {"name": "VAY THẾ CHẤP BĐS", "slug": "vay-bat-dong-san", "note": "Hồ sơ vay vốn thế chấp bằng bất động sản"}}, {"model": "document_automation.formview", "pk": 2, "fields": {"name": "VAY TÍN CHẤP", "slug": "vay-tin-chap", "note": "Vay vốn tín chấp"}}, {"model": "document_automation.formview", "pk": 3, "fields": {"name": "VAY MUA XE", "slug": "vay-mua-xe", "note": "Mẫu nhập liệu hồ sơ vay mua xe"}}, {"model": "document_automation.formview", "pk": 4, "fields": {"name": "VAY HỔN HỢP", "slug": "vay_hon_hop", "note": "Hồ sơ vay hỗn hợp nhiều loại tài sản bảo đảm, nhiều mục đích vay"}}, {"model": "document_automation.fieldgroup", "pk": 1, "fields": {"name": "Thông tin Khách hàng", "slug": "tt-khach-hang", "entity_type": "PROFILE", "layout_position": "LEFT", "order": 2, "note": "Chứa thông tin của khách hàng", "object_type": 1, "allowed_forms": [3, 1, 2, 4], "allowed_object_types": [1]}}, {"model": "document_automation.fieldgroup", "pk": 2, "fields": {"name": "Thông tin Tài sản", "slug": "tt-tai-san", "entity_type": "PROFILE", "layout_position": "RIGHT", "order": 3, "note": "Chứa thông tin về tài sản thế chấp", "object_type": 2, "allowed_forms": [3, 1, 2, 4], "allowed_object_types": [6, 5, 2, 3, 4]}}, {"model": "document_automation.fieldgroup", "pk": 8, "fields": {"name": "Đại diện ngân hàng", "slug": "dai_dien_bank", "entity_type": "PROFILE", "layout_position": "LEFT", "order": 6, "note": "Những nhân sự đại diện cho ngân hàng, thường là GĐ/PGĐ", "object_type": null, "allowed_forms": [1, 4], "allowed_object_types": [11]}}, {"model": "document_automation.fieldgroup", "pk": 10, "fields": {"name": "Nhóm HĐTD từng lần", "slug": "hdtd_tung_lan", "entity_type": "PROFILE", "layout_position": "RIGHT", "order": 4, "note": "Các thông tin của loại hợp đồng tín dụng từng lần", "object_type": null, "allowed_forms": [1, 4], "allowed_object_types": [14]}}, {"model": "document_automation.fieldgroup", "pk": 11, "fields": {"name": "Nhóm HĐTD hạn mức", "slug": "hdtd_han_muc", "entity_type": "PROFILE", "layout_position": "LEFT", "order": 5, "note": "Các thông tin của loại hợp đồng tín dụng hạn mức", "object_type": null, "allowed_forms": [1, 4], "allowed_object_types": [15]}}, {"model": "document_automation.fieldgroup", "pk": 12, "fields": {"name": "Nhóm HĐTC", "slug": "hd_the_chap", "entity_type": "PROFILE", "layout_position": "LEFT", "order": 10, "note": "Chứa thông tin về hợp đồng thế chấp, giá trị tài sản, định giá tài sản", "object_type": null, "allowed_forms": [1, 2, 4], "allowed_object_types": [13]}}, {"model": "document_automation.fieldgroup", "pk": 13, "fields": {"name": "Danh sach Nguoi lien quan", "slug": "", "entity_type": "PROFILE", "layout_position": "LEFT", "order": 10, "note": "", "object_type": null, "allowed_forms": [1, 4], "allowed_object_types": [1]}}, {"model": "document_automation.fieldgroup", "pk": 14, "fields": {"name": "Thông tin nháp", "slug": "thong_tin_nhap", "entity_type": "PROFILE", "layout_position": "LEFT", "order": 0, "note": "", "object_type": null, "allowed_forms": [1, 4], "allowed_object_types": []}}, {"model": "document_automation.field", "pk": 5, "fields": {"label": "Họ Tên", "placeholder_key": "ho_ten", "data_type": "TEXT", "group": 1, "order": 0, "width_cols": 4, "css_class": "", "is_active": true, "is_protected": false, "use_digit_grouping": false, "show_amount_in_words": false, "default_value": "", "note": "Họ tên những người xuất hiện trong các văn bản", "allowed_forms": [1, 2, 3, 4], "allowed_object_types": [1]}}, {"model": "document_automation.field", "pk": 6, "fields": {"label": "CCCD/CC/Hộ Chiếu", "placeholder_key": "cccd", "data_type": "NUMBER", "group": 1, "order": 1, "width_cols": 3, "css_class": "", "is_active": true, "is_protected": false, "use_digit_grouping": false, "show_amount_in_words": false, "default_value": "", "note": "Số căn cước công dân", "allowed_forms": [1, 2, 3, 4], "allowed_object_types": [1]}}, {"model": "document_automation.field", "pk": 7, "fields": {"label": "Địa chỉ Thường trú", "placeholder_key": "dia_chi_thuong_tru", "data_type": "TEXT", "group": 1, "order": 5, "width_cols": 5, "css_class": "", "is_active": true, "is_protected": false, "use_digit_grouping": false, "show_amount_in_words": false, "default_value": null, "note": "Địa chỉ thường trú của khách hàng", "allowed_forms": [1, 2, 3, 4], "allowed_object_types": [1]}}, {"model": "document_automation.field", "pk": 8, "fields": {"label": "Số Điện Thoại", "placeholder_key": "dien_thoai", "data_type": "NUMBER", "group": 1, "order": 6, "width_cols": 2, "css_class": "", "is_active": true, "is_protected": false, "use_digit_grouping": false, "show_amount_in_words": false, "default_value": "", "note": "Số điện thoại của khách hàng", "allowed_forms": [1, 2, 3, 4], "allowed_object_types": [1]}}, {"model": "document_automation.field", "pk": 9, "fields": {"label": "Thửa đất số", "placeholder_key": "thua_dat_so", "data_type": "TEXT", "group": 2, "order": 3, "width_cols": 2, "css_class": "", "is_active": true, "is_protected": false, "use_digit_grouping": false, "show_amount_in_words": false, "default_value": null, "note": "Số của thửa đất", "allowed_forms": [1, 4], "allowed_object_types": [2]}}, {"model": "document_automation.field", "pk": 10, "fields": {"label": "Tờ bản đồ", "placeholder_key": "to_ban_do", "data_type": "TEXT", "group": 2, "order": 2, "width_cols": 2, "css_class": "", "is_active": true, "is_protected": false, "use_digit_grouping": false, "show_amount_in_words": false, "default_value": null, "note": "Số của tờ bản đồ mà thửa đất thuộc về", "allowed_forms": [1, 4], "allowed_object_types": [2]}}, {"model": "document_automation.field", "pk": 11, "fields": {"label": "Địa chỉ Thửa đất", "placeholder_key": "dia_chi_thua_dat", "data_type": "TEXT", "group": 2, "order": 10, "width_cols": 5, "css_class": "", "is_active": true, "is_protected": false, "use_digit_grouping": false, "show_amount_in_words": false, "default_value": "", "note": "Địa chỉ của bất động sản", "allowed_forms": [1, 4], "allowed_object_types": [2]}}, {"model": "document_automation.field", "pk": 12, "fields": {"label": "Diện tích", "placeholder_key": "dien_tich_thua_dat", "data_type": "NUMBER", "group": 2, "order": 6, "width_cols": 2, "css_class": "", "is_active": true, "is_protected": false, "use_digit_grouping": false, "show_amount_in_words": true, "default_value": "", "note": "Diện tích của thửa đất", "allowed_forms": [1, 4], "allowed_object_types": [2]}}, {"model": "document_automation.field", "pk": 13, "fields": {"label": "Hình thức SD chung/riêng", "placeholder_key": "hinh_thuc_sd", "data_type": "TEXT", "group": 2, "order": 7, "width_cols": 2, "css_class": "", "is_active": true, "is_protected": false, "use_digit_grouping": false, "show_amount_in_words": false, "default_value": "", "note": "Diện tích sử dụng riêng", "allowed_forms": [1, 4], "allowed_object_types": [2]}}, {"model": "document_automation.field", "pk": 15, "fields": {"label": "Loại đất/Mục đích SD", "placeholder_key": "muc_dich_sdd", "data_type": "TEXT", "group": 2, "order": 8, "width_cols": 4, "css_class": "", "is_active": true, "is_protected": false, "use_digit_grouping": false, "show_amount_in_words": false, "default_value": null, "note": "", "allowed_forms": [1, 4], "allowed_object_types": [2]}}, {"model": "document_automation.field", "pk": 16, "fields": {"label": "Thời hạn SDĐ", "placeholder_key": "thoi_han_sdd", "data_type": "TEXT", "group": 2, "order": 9, "width_cols": 4, "css_class": "", "is_active": true, "is_protected": false, "use_digit_grouping": false, "show_amount_in_words": false, "default_value": null, "note": "", "allowed_forms": [1, 4], "allowed_object_types": [2]}}, {"model": "document_automation.field", "pk": 17, "fields": {"label": "Nhãn hiệu", "placeholder_key": "nhan_hieu_xe", "data_type": "TEXT", "group": 2, "order": 1, "width_cols": 3, "css_class": "", "is_active": true, "is_protected": false, "use_digit_grouping": false, "show_amount_in_words": false, "default_value": null, "note": "Nhãn hiệu của xe", "allowed_forms": [3, 4, 1], "allowed_object_types": [4]}}, {"model": "document_automation.field", "pk": 18, "fields": {"label": "Số khung", "placeholder_key": "so_khung", "data_type": "TEXT", "group": 2, "order": 3, "width_cols": 2, "css_class": "", "is_active": true, "is_protected": false, "use_digit_grouping": false, "show_amount_in_words": false, "default_value": null, "note": "Số khung xe", "allowed_forms": [3, 4, 1], "allowed_object_types": [4]}}, {"model": "document_automation.field", "pk": 19, "fields": {"label": "Số máy", "placeholder_key": "so_may", "data_type": "TEXT", "group": 2, "order": 2, "width_cols": 2, "css_class": "", "is_active": true, "is_protected": false, "use_digit_grouping": false, "show_amount_in_words": false, "default_value": null, "note": "Số máy/động cơ xe", "allowed_forms": [3, 4, 1], "allowed_object_types": [4]}}, {"model": "document_automation.field", "pk": 20, "fields": {"label": "Năm sinh", "placeholder_key": "nam_sinh", "data_type": "DATE", "group": 1, "order": 4, "width_cols": 3, "css_class": "", "is_active": true, "is_protected": false, "use_digit_grouping": false, "show_amount_in_words": false, "default_value": "", "note": "Ngày tháng năm sinh của khách hàng", "allowed_forms": [1, 2, 3, 4], "allowed_object_types": [1]}}, {"model": "document_automation.field", "pk": 21, "fields": {"label": "HĐTC", "placeholder_key": "hdtc", "data_type": "TEXT", "group": 12, "order": 0, "width_cols": 3, "css_class": "", "is_active": true, "is_protected": false, "use_digit_grouping": false, "show_amount_in_words": false, "default_value": "HĐTC/2100/", "note": "Số hợp đồng thế chấp", "allowed_forms": [1, 2, 3, 4], "allowed_object_types": [13]}}, {"model": "document_automation.field", "pk": 23, "fields": {"label": "Ngày xác lập", "placeholder_key": "ngay_hop_dong", "data_type": "DATE", "group": 12, "order": 1, "width_cols": 3, "css_class": "", "is_active": true, "is_protected": false, "use_digit_grouping": false, "show_amount_in_words": false, "default_value": null, "note": "Ngày ký kết các hợp đồng", "allowed_forms": [1, 2, 3, 4], "allowed_object_types": [13]}}, {"model": "document_automation.field", "pk": 25, "fields": {"label": "Số đăng ký", "placeholder_key": "dang_ky_xe", "data_type": "TEXT", "group": 2, "order": 0, "width_cols": 2, "css_class": "dang_ky_xe", "is_active": true, "is_protected": false, "use_digit_grouping": false, "show_amount_in_words": false, "default_value": "", "note": "Số giấy đăng ký xe (số cà vẹt)", "allowed_forms": [3, 4, 1], "allowed_object_types": [4]}}, {"model": "document_automation.field", "pk": 26, "fields": {"label": "Giấy CN QSDĐ", "placeholder_key": "chung_nhan_qsdd", "data_type": "TEXT", "group": 2, "order": 0, "width_cols": 2, "css_class": "", "is_active": true, "is_protected": false, "use_digit_grouping": false, "show_amount_in_words": false, "default_value": "", "note": "Số giấy chứng nhận quyền sử dụng đất và tài sản gắn liền với đất", "allowed_forms": [1, 3, 4], "allowed_object_types": [2]}}, {"model": "document_automation.field", "pk": 27, "fields": {"label": "Số vào sổ", "placeholder_key": "so_vao_so", "data_type": "TEXT", "group": 2, "order": 1, "width_cols": 2, "css_class": "", "is_active": true, "is_protected": false, "use_digit_grouping": false, "show_amount_in_words": false, "default_value": "", "note": "Số vào sổ cấp giấy chứng nhận QSDĐ", "allowed_forms": [1, 3, 4], "allowed_object_types": [2]}}, {"model": "document_automation.field", "pk": 28, "fields": {"label": "Số STK", "placeholder_key": "stk", "data_type": "TEXT", "group": 2, "order": 0, "width_cols": 2, "css_class": "", "is_active": true, "is_protected": false, "use_digit_grouping": false, "show_amount_in_words": false, "default_value": "", "note": "Số sổ tiết kiệm", "allowed_forms": [2, 1, 3, 4], "allowed_object_types": [3]}}, {"model": "document_automation.field", "pk": 29, "fields": {"label": "Ngày gởi", "placeholder_key": "ngay_goi_stk", "data_type": "DATE", "group": 2, "order": 2, "width_cols": 2, "css_class": "", "is_active": true, "is_protected": false, "use_digit_grouping": false, "show_amount_in_words": false, "default_value": null, "note": "ngày mà khách hàng tạo sổ tiết kiệm", "allowed_forms": [1, 2, 3, 4], "allowed_object_types": [3]}}, {"model": "document_automation.field", "pk": 30, "fields": {"label": "Mã trái phiếu", "placeholder_key": "ma_trai_phieu", "data_type": "TEXT", "group": 2, "order": 0, "width_cols": 4, "css_class": "", "is_active": true, "is_protected": false, "use_digit_grouping": false, "show_amount_in_words": false, "default_value": "", "note": "Mã trái phiếu", "allowed_forms": [2, 4], "allowed_object_types": [6]}}, {"model": "document_automation.field", "pk": 31, "fields": {"label": "Mệnh giá", "placeholder_key": "menh_gia_trai_phieu", "data_type": "NUMBER", "group": 2, "order": 1, "width_cols": 2, "css_class": "", "is_active": true, "is_protected": false, "use_digit_grouping": true, "show_amount_in_words": true, "default_value": null, "note": "Mệnh giá của trái phiếu", "allowed_forms": [2, 4], "allowed_object_types": [6]}}, {"model": "document_automation.field", "pk": 32, "fields": {"label": "Kỳ hạn", "placeholder_key": "ky_han_trai_phieu", "data_type": "NUMBER", "group": 2, "order": 2, "width_cols": 2, "css_class": "", "is_active": true, "is_protected": false, "use_digit_grouping": false, "show_amount_in_words": true, "default_value": null, "note": "Kỳ hạn của trái phiếu", "allowed_forms": [4], "allowed_object_types": [6]}}, {"model": "document_automation.field", "pk": 33, "fields": {"label": "Số tiền gởi", "placeholder_key": "so_tien_goi", "data_type": "NUMBER", "group": 2, "order": 1, "width_cols": 2, "css_class": "", "is_active": true, "is_protected": false, "use_digit_grouping": true, "show_amount_in_words": true, "default_value": "", "note": "Số tiền gởi", "allowed_forms": [2, 4], "allowed_object_types": [3]}}, {"model": "document_automation.field", "pk": 34, "fields": {"label": "ngày đến hạn", "placeholder_key": "ngay_den_han_stk", "data_type": "DATE", "group": 2, "order": 3, "width_cols": 3, "css_class": "", "is_active": true, "is_protected": false, "use_digit_grouping": false, "show_amount_in_words": false, "default_value": null, "note": "Ngày tất toán sổ tiết kiệm", "allowed_forms": [1, 2, 4], "allowed_object_types": [3]}}, {"model": "document_automation.field", "pk": 37, "fields": {"label": "Nơi cấp CCCD", "placeholder_key": "noi_cap_cccd", "data_type": "TEXT", "group": 1, "order": 2, "width_cols": 4, "css_class": "", "is_active": true, "is_protected": false, "use_digit_grouping": false, "show_amount_in_words": false, "default_value": "Cục Cảnh Sát QLHC về TTXH", "note": "Nơi cấp/cơ quan cấp CCCD/CC/Hộ Chiếu", "allowed_forms": [1, 2, 3, 4], "allowed_object_types": [1]}}, {"model": "document_automation.field", "pk": 38, "fields": {"label": "Ngày cấp CC", "placeholder_key": "ngay_cap_cccd", "data_type": "DATE", "group": 1, "order": 3, "width_cols": 3, "css_class": "", "is_active": true, "is_protected": false, "use_digit_grouping": false, "show_amount_in_words": false, "default_value": "", "note": "Ngày cấp CCCD/CC/Hộ Chiếu", "allowed_forms": [1, 2, 3, 4], "allowed_object_types": [1]}}, {"model": "document_automation.field", "pk": 39, "fields": {"label": "Tài sản bảo đảm", "placeholder_key": "tai_san_bao_dam", "data_type": "TEXTAREA", "group": 2, "order": 12, "width_cols": 8, "css_class": "", "is_active": true, "is_protected": false, "use_digit_grouping": false, "show_amount_in_words": false, "default_value": "Giấy chứng nhận quyền sử dụng đất quyền sở hữu tài sản khác gắn liền với đất số {{ chung_nhan_qsdd }}, số vào sổ cấp GCN: {{ so_vao_so }} do {{co_quan_cap}} cấp ngày {{ngay_cap_gcn}}.", "note": "Thông tin tổng hợp về tài sản bảo đảm", "allowed_forms": [1, 4], "allowed_object_types": [2]}}, {"model": "document_automation.field", "pk": 40, "fields": {"label": "ngày cấp GCN", "placeholder_key": "ngay_cap_gcn", "data_type": "DATE", "group": 2, "order": 4, "width_cols": 2, "css_class": "", "is_active": true, "is_protected": false, "use_digit_grouping": false, "show_amount_in_words": false, "default_value": null, "note": "Ngày cấp giấy chứng nhận quyền sử dụng đất và ts gắn liền với đất", "allowed_forms": [1, 4], "allowed_object_types": [2]}}, {"model": "document_automation.field", "pk": 41, "fields": {"label": "Cơ quan cấp", "placeholder_key": "co_quan_cap", "data_type": "TEXT", "group": 2, "order": 5, "width_cols": 5, "css_class": "", "is_active": true, "is_protected": false, "use_digit_grouping": false, "show_amount_in_words": false, "default_value": "", "note": "Cơ quan cấp giấy chứng nhận QSDĐ", "allowed_forms": [1, 4], "allowed_object_types": [2]}}, {"model": "document_automation.field", "pk": 42, "fields": {"label": "Loại TS GLVĐ", "placeholder_key": "loai_tai_san_glvd", "data_type": "TEXT", "group": 2, "order": 13, "width_cols": 3, "css_class": "", "is_active": true, "is_protected": false, "use_digit_grouping": false, "show_amount_in_words": false, "default_value": "____", "note": "Loại tài sản gắn liền với đất", "allowed_forms": [1, 4], "allowed_object_types": [2]}}, {"model": "document_automation.field", "pk": 43, "fields": {"label": "Địa chỉ TS GLVĐ", "placeholder_key": "dia_chi_tai_san_glvd", "data_type": "TEXT", "group": 2, "order": 14, "width_cols": 4, "css_class": "", "is_active": true, "is_protected": false, "use_digit_grouping": false, "show_amount_in_words": false, "default_value": "____", "note": "Địa chỉ của tài sản gắn liền với đất", "allowed_forms": [1, 4], "allowed_object_types": [2]}}, {"model": "document_automation.field", "pk": 44, "fields": {"label": "Diện tích XD", "placeholder_key": "dien_tich_xd_tsglvd", "data_type": "NUMBER", "group": 2, "order": 15, "width_cols": 2, "css_class": "", "is_active": true, "is_protected": false, "use_digit_grouping": false, "show_amount_in_words": true, "default_value": "", "note": "Diện tích xây dựng", "allowed_forms": [1, 4], "allowed_object_types": [2]}}, {"model": "document_automation.field", "pk": 45, "fields": {"label": "Tổng DT sử dụng", "placeholder_key": "dien_tich_sd_tsglvd", "data_type": "NUMBER", "group": 2, "order": 16, "width_cols": 2, "css_class": "", "is_active": true, "is_protected": false, "use_digit_grouping": false, "show_amount_in_words": true, "default_value": "", "note": "Tổng diện tích sử dụng của công trình", "allowed_forms": [1, 4], "allowed_object_types": [2]}}, {"model": "document_automation.field", "pk": 47, "fields": {"label": "Kết cấu nhà", "placeholder_key": "ket_cau_tsglvd", "data_type": "TEXT", "group": 2, "order": 17, "width_cols": 2, "css_class": "", "is_active": true, "is_protected": false, "use_digit_grouping": false, "show_amount_in_words": false, "default_value": "____", "note": "", "allowed_forms": [1, 4], "allowed_object_types": [2]}}, {"model": "document_automation.field", "pk": 48, "fields": {"label": "Số tầng", "placeholder_key": "so_tang_tsglvd", "data_type": "NUMBER", "group": 2, "order": 18, "width_cols": 2, "css_class": "", "is_active": true, "is_protected": false, "use_digit_grouping": false, "show_amount_in_words": false, "default_value": "", "note": "", "allowed_forms": [1, 4], "allowed_object_types": [2]}}, {"model": "document_automation.field", "pk": 49, "fields": {"label": "Định giá", "placeholder_key": "dinh_gia", "data_type": "NUMBER", "group": 2, "order": 22, "width_cols": 2, "css_class": "", "is_active": true, "is_protected": false, "use_digit_grouping": true, "show_amount_in_words": true, "default_value": null, "note": "Định giá tài sản", "allowed_forms": [1, 4], "allowed_object_types": [2]}}, {"model": "document_automation.field", "pk": 50, "fields": {"label": "Tổng giá trị tài sản", "placeholder_key": "tong_gia_tri_tai_san", "data_type": "NUMBER", "group": 12, "order": 2, "width_cols": 3, "css_class": "", "is_active": true, "is_protected": false, "use_digit_grouping": true, "show_amount_in_words": true, "default_value": "=sum(dinh_gia)", "note": "Tổng giá trị của các tài sản xuất hiện trong hợp đồng vay", "allowed_forms": [1, 2, 3, 4], "allowed_object_types": [13]}}, {"model": "document_automation.field", "pk": 52, "fields": {"label": "Nguồn gốc SDĐ", "placeholder_key": "nguon_goc_sdd", "data_type": "TEXT", "group": 2, "order": 11, "width_cols": 4, "css_class": "", "is_active": true, "is_protected": false, "use_digit_grouping": false, "show_amount_in_words": false, "default_value": "", "note": "Nguồn gốc sử dụng đất", "allowed_forms": [1, 4], "allowed_object_types": [2]}}, {"model": "document_automation.field", "pk": 53, "fields": {"label": "Thay đổi pháp lý (nếu có)", "placeholder_key": "thay_doi_phap_ly", "data_type": "TEXT", "group": 2, "order": 19, "width_cols": 4, "css_class": "", "is_active": true, "is_protected": false, "use_digit_grouping": false, "show_amount_in_words": false, "default_value": null, "note": "Nội dung thay đổi pháp lý", "allowed_forms": [1, 4], "allowed_object_types": [2]}}, {"model": "document_automation.field", "pk": 54, "fields": {"label": "Người đại diện", "placeholder_key": "nguoi_dai_dien", "data_type": "TEXT", "group": 8, "order": 0, "width_cols": 3, "css_class": "", "is_active": true, "is_protected": false, "use_digit_grouping": false, "show_amount_in_words": false, "default_value": "", "note": "Đại diện bởi ông bà", "allowed_forms": [1, 2, 3, 4], "allowed_object_types": [11]}}, {"model": "document_automation.field", "pk": 55, "fields": {"label": "Chức vụ", "placeholder_key": "chuc_vu", "data_type": "TEXT", "group": 8, "order": 2, "width_cols": 3, "css_class": "", "is_active": true, "is_protected": false, "use_digit_grouping": false, "show_amount_in_words": false, "default_value": "", "note": "Chức vụ của người đại diện cho ngân hàng, thường là GĐ/PGĐ", "allowed_forms": [1, 2, 3, 4], "allowed_object_types": [11]}}, {"model": "document_automation.field", "pk": 56, "fields": {"label": "Số ủy quyền", "placeholder_key": "uy_quyen", "data_type": "TEXT", "group": 8, "order": 3, "width_cols": 3, "css_class": "", "is_active": true, "is_protected": false, "use_digit_grouping": false, "show_amount_in_words": false, "default_value": "", "note": "Số của văn bản ủy quyền nếu có", "allowed_forms": [1, 2, 3, 4], "allowed_object_types": [11]}}, {"model": "document_automation.field", "pk": 57, "fields": {"label": "Số CCCD", "placeholder_key": "cccd_bank", "data_type": "NUMBER", "group": 8, "order": 1, "width_cols": 3, "css_class": "", "is_active": true, "is_protected": false, "use_digit_grouping": false, "show_amount_in_words": false, "default_value": "", "note": "Số căn cước công dân của GĐ/PGĐ", "allowed_forms": [1, 4], "allowed_object_types": [11]}}, {"model": "document_automation.field", "pk": 60, "fields": {"label": "Mục đích vay", "placeholder_key": "hdtd_tl_muc_dich_vay", "data_type": "TEXT", "group": 10, "order": 2, "width_cols": 4, "css_class": "", "is_active": true, "is_protected": false, "use_digit_grouping": false, "show_amount_in_words": false, "default_value": "____", "note": "Mục đích vay vốn", "allowed_forms": [1, 2, 4], "allowed_object_types": [14]}}, {"model": "document_automation.field", "pk": 61, "fields": {"label": "Kỳ trả lãi", "placeholder_key": "hdtd_tl_ky_tra_lai", "data_type": "TEXT", "group": 10, "order": 4, "width_cols": 4, "css_class": "", "is_active": true, "is_protected": false, "use_digit_grouping": false, "show_amount_in_words": false, "default_value": "Ngày 10 hằng tháng.", "note": "Thời điểm trả lãi, thường vào ngày 10 hằng tháng hoặc quý", "allowed_forms": [1, 2, 3, 4], "allowed_object_types": [14]}}, {"model": "document_automation.field", "pk": 62, "fields": {"label": "Số HĐTD TL", "placeholder_key": "hdtd_tl", "data_type": "TEXT", "group": 10, "order": 0, "width_cols": 3, "css_class": "", "is_active": true, "is_protected": false, "use_digit_grouping": false, "show_amount_in_words": false, "default_value": "DAL.HDTDTL.", "note": "Số hợp đồng tín dụng từng lần", "allowed_forms": [1, 4], "allowed_object_types": [14]}}, {"model": "document_automation.field", "pk": 63, "fields": {"label": "Số tiền vay từng lần", "placeholder_key": "hdtd_tl_so_tien_vay", "data_type": "NUMBER", "group": 10, "order": 1, "width_cols": 3, "css_class": "", "is_active": true, "is_protected": false, "use_digit_grouping": true, "show_amount_in_words": true, "default_value": null, "note": "", "allowed_forms": [1, 4], "allowed_object_types": [14]}}, {"model": "document_automation.field", "pk": 64, "fields": {"label": "Số HĐTD hạn mức", "placeholder_key": "hdtd_hm", "data_type": "TEXT", "group": 11, "order": 0, "width_cols": 3, "css_class": "", "is_active": true, "is_protected": false, "use_digit_grouping": false, "show_amount_in_words": false, "default_value": "DAL.HDTDHM.", "note": "", "allowed_forms": [1, 4], "allowed_object_types": [15]}}, {"model": "document_automation.field", "pk": 65, "fields": {"label": "Hạn mức tín dụng", "placeholder_key": "hdtd_hm_so_tien_vay", "data_type": "NUMBER", "group": 11, "order": 1, "width_cols": 3, "css_class": "", "is_active": true, "is_protected": false, "use_digit_grouping": true, "show_amount_in_words": true, "default_value": null, "note": "Hạn mức tín dụng trong hợp đồng tín dụng hạn mức", "allowed_forms": [1, 4], "allowed_object_types": [15]}}, {"model": "document_automation.field", "pk": 66, "fields": {"label": "Mục đích vay", "placeholder_key": "hdtd_hm_muc_dich_vay", "data_type": "TEXT", "group": 11, "order": 2, "width_cols": 4, "css_class": "", "is_active": true, "is_protected": false, "use_digit_grouping": false, "show_amount_in_words": false, "default_value": "", "note": "Mục đích vay vốn trong hợp đồng tín dụng hạn mức", "allowed_forms": [1, 4], "allowed_object_types": [15]}}, {"model": "document_automation.field", "pk": 67, "fields": {"label": "Thời hạn vay (tháng)", "placeholder_key": "hdtd_tl_thoi_han_vay", "data_type": "NUMBER", "group": 10, "order": 3, "width_cols": 3, "css_class": "", "is_active": true, "is_protected": false, "use_digit_grouping": false, "show_amount_in_words": true, "default_value": "60", "note": "Thời hạn vay được tính từ ngày tiếp theo sau ngày giải ngân lần đầu", "allowed_forms": [1, 4], "allowed_object_types": [14]}}, {"model": "document_automation.field", "pk": 68, "fields": {"label": "Kỳ trả lãi", "placeholder_key": "hdtd_hm_ky_tra_lai", "data_type": "TEXT", "group": 11, "order": 3, "width_cols": 4, "css_class": "", "is_active": true, "is_protected": false, "use_digit_grouping": false, "show_amount_in_words": false, "default_value": "Ngày 10 hằng tháng.", "note": "Kỳ trả lãi, thông thường là theo tháng hoặc quý", "allowed_forms": [1, 4], "allowed_object_types": [15]}}, {"model": "document_automation.field", "pk": 71, "fields": {"label": "Cam kết CASA", "placeholder_key": "hdtd_tl_casa", "data_type": "NUMBER", "group": 10, "order": 5, "width_cols": 3, "css_class": "", "is_active": true, "is_protected": false, "use_digit_grouping": true, "show_amount_in_words": true, "default_value": "2000000", "note": "Current Account Savings Account", "allowed_forms": [1, 4], "allowed_object_types": []}}, {"model": "document_automation.field", "pk": 72, "fields": {"label": "Cam kết CASA", "placeholder_key": "hdtd_hm_casa", "data_type": "NUMBER", "group": 11, "order": 4, "width_cols": 3, "css_class": "", "is_active": true, "is_protected": false, "use_digit_grouping": true, "show_amount_in_words": true, "default_value": "2000000", "note": "duy trì số dư trong tài khoản thanh toán", "allowed_forms": [1, 4], "allowed_object_types": []}}, {"model": "document_automation.field", "pk": 73, "fields": {"label": "LS phạt vi phạm (%/năm)", "placeholder_key": "hdtd_hm_ls_phat", "data_type": "NUMBER", "group": 11, "order": 5, "width_cols": 2, "css_class": "", "is_active": true, "is_protected": false, "use_digit_grouping": false, "show_amount_in_words": true, "default_value": "0.5", "note": "Mức lãi suất cộng thêm nếu vi phạm cam kết CASA", "allowed_forms": [1, 4], "allowed_object_types": []}}, {"model": "document_automation.field", "pk": 74, "fields": {"label": "LS phạt vi phạm (%/năm)", "placeholder_key": "hdtd_tl_ls_phat", "data_type": "NUMBER", "group": 10, "order": 6, "width_cols": 2, "css_class": "", "is_active": true, "is_protected": false, "use_digit_grouping": false, "show_amount_in_words": true, "default_value": "0.5", "note": "Mức ls cộng thêm nếu vi phạm CASA", "allowed_forms": [1, 4], "allowed_object_types": []}}, {"model": "document_automation.field", "pk": 75, "fields": {"label": "Biên bản/thỏa thuận định giá", "placeholder_key": "bien_ban_dinh_gia", "data_type": "NUMBER", "group": 2, "order": 20, "width_cols": 2, "css_class": "", "is_active": true, "is_protected": false, "use_digit_grouping": false, "show_amount_in_words": false, "default_value": "", "note": "Số biên bản thỏa thuận giá trị tài sản bảo đảm", "allowed_forms": [1, 4], "allowed_object_types": [2]}}, {"model": "document_automation.field", "pk": 76, "fields": {"label": "Ngày ra thông báo định giá", "placeholder_key": "ngay_dinh_gia", "data_type": "DATE", "group": 2, "order": 21, "width_cols": 2, "css_class": "", "is_active": true, "is_protected": false, "use_digit_grouping": false, "show_amount_in_words": false, "default_value": null, "note": "Ngày mà trung tâm định giá tài sản phát hành thông báo định giá tài sản", "allowed_forms": [1, 4], "allowed_object_types": [2]}}, {"model": "document_automation.field", "pk": 77, "fields": {"label": "Test phép trừ", "placeholder_key": "test_phep_tru", "data_type": "NUMBER", "group": 14, "order": 0, "width_cols": 3, "css_class": "", "is_active": true, "is_protected": false, "use_digit_grouping": true, "show_amount_in_words": true, "default_value": "=SUB(so_1, so_2)", "note": "Kiểm thử việc trừ giá trị giữa các input dạng number", "allowed_forms": [1], "allowed_object_types": []}}, {"model": "document_automation.field", "pk": 78, "fields": {"label": "số 1", "placeholder_key": "so_1", "data_type": "NUMBER", "group": 14, "order": 1, "width_cols": 2, "css_class": "", "is_active": true, "is_protected": false, "use_digit_grouping": true, "show_amount_in_words": true, "default_value": "", "note": "số thứ nhất", "allowed_forms": [1], "allowed_object_types": []}}, {"model": "document_automation.field", "pk": 79, "fields": {"label": "số 2", "placeholder_key": "so_2", "data_type": "NUMBER", "group": 14, "order": 2, "width_cols": 2, "css_class": "", "is_active": true, "is_protected": false, "use_digit_grouping": true, "show_amount_in_words": true, "default_value": null, "note": "số thứ 2", "allowed_forms": [1], "allowed_object_types": []}}, {"model": "document_automation.field", "pk": 80, "fields": {"label": "Kỳ soát xét dòng tiền (tháng/lần)", "placeholder_key": "hdtd_tl_ky_dg_ck_dongtien", "data_type": "NUMBER", "group": 10, "order": 5, "width_cols": 3, "css_class": "", "is_active": true, "is_protected": false, "use_digit_grouping": false, "show_amount_in_words": true, "default_value": "6", "note": "Thông thường là 6 tháng một lần", "allowed_forms": [1, 4], "allowed_object_types": [14]}}, {"model": "document_automation.field", "pk": 81, "fields": {"label": "Kỳ soát xét dòng tiền (tháng/lần)", "placeholder_key": "hdtd_hm_ky_dg_ck_dongtien", "data_type": "NUMBER", "group": 11, "order": 6, "width_cols": 3, "css_class": "", "is_active": true, "is_protected": false, "use_digit_grouping": false, "show_amount_in_words": true, "default_value": "6", "note": "", "allowed_forms": [1, 4], "allowed_object_types": [15]}}, {"model": "document_automation.field", "pk": 82, "fields": {"label": "CK Doanh số chuyển tiền %", "placeholder_key": "hdtd_hm_ck_doanhso", "data_type": "NUMBER", "group": 11, "order": 7, "width_cols": 2, "css_class": "", "is_active": true, "is_protected": false, "use_digit_grouping": false, "show_amount_in_words": true, "default_value": "120", "note": "Cam kết Doanh số chuyển tiền về tài khoản thanh toán của Bên được cấp tín dụng", "allowed_forms": [1, 4], "allowed_object_types": [15]}}, {"model": "document_automation.field", "pk": 83, "fields": {"label": "CK Doanh số chuyển tiền %", "placeholder_key": "hdtd_tl_ck_doanhso", "data_type": "NUMBER", "group": 10, "order": 6, "width_cols": 2, "css_class": "", "is_active": true, "is_protected": false, "use_digit_grouping": false, "show_amount_in_words": true, "default_value": "120", "note": "Cam kết Doanh số chuyển tiền về tài khoản thanh toán của Bên được cấp tín dụng", "allowed_forms": [1, 4], "allowed_object_types": [14]}}, {"model": "document_automation.role", "pk": 1, "fields": {"name": "Bên Thế Chấp", "slug": "ben_the_chap", "description": "Những người sở hữu tài sản bảo đảm cho khoản vay", "relation_type": "OWNER", "is_system": true}}, {"model": "document_automation.role", "pk": 2, "fields": {"name": "Bên được cấp Tín Dụng", "slug": "ben_duoc_cap_td", "description": "Những người được ngân hàng cấp tín dụng", "relation_type": "OWNER", "is_system": true}}, {"model": "document_automation.role", "pk": 3, "fields": {"name": "Người được UQ nhận tiền", "slug": "nguoi_nhan_tien", "description": "Người được ủy quyền nhận tiền giải ngân là cá nhân/tổ chức được chủ tài khoản hoặc bên vay ủy quyền hợp pháp", "relation_type": "", "is_system": false}}, {"model": "document_automation.documenttemplate", "pk": 21, "fields": {"name": "Phụ lục HĐTD Hạn Mức", "file": "doc_templates/ok_6.BM06_Phu_luc_điều_khoản_chung_HĐTD_han_muc.docx", "department": "HTTD", "description": "6.BM06_Phu luc điều khoản chung_HĐTD HẠN MỨC", "uploaded_at": "2026-01-28T03:17:17.249Z", "loop_object_type": null}}, {"model": "document_automation.documenttemplate", "pk": 22, "fields": {"name": "Phụ lục HĐTD Từng Lần", "file": "doc_templates/ok_6.BM06_Phu_luc_điều_khoản_chung_HĐTD_tung_lan.docx", "department": "HTTD", "description": "6.BM06_Phu luc điều khoản chung_HĐTD TỪNG LẦN", "uploaded_at": "2026-01-28T03:17:51.532Z", "loop_object_type": null}}, {"model": "document_automation.documenttemplate", "pk": 27, "fields": {"name": "Hợp đồng Tín Dụng Từng Lần", "file": "doc_templates/ok_4.BM04_Hop_dong_tin_dung_tung_lan.docx", "department": "HTTD", "description": "4.BM04_Hop dong tin dung tung lan", "uploaded_at": "2026-01-28T03:43:44.345Z", "loop_object_type": null}}, {"model": "document_automation.documenttemplate", "pk": 31, "fields": {"name": "Hợp đồng Thế Chấp BĐS", "file": "doc_templates/ok_1.BM01_Hop_dong_the_chap_bat_dong_san_3006.docx", "department": "HTTD", "description": "1.BM01_Hop_dong_the_chap_bat_dong_san_3006", "uploaded_at": "2026-02-07T18:53:21.340Z", "loop_object_type": null}}, {"model": "document_automation.documenttemplate", "pk": 35, "fields": {"name": "Phụ lục Cam kết các chỉ số tài chính", "file": "doc_templates/ok_13._BM13_Phu_luc_cam_kết_các_chỉ_số_tài_chính_3005.docx", "department": "HTTD", "description": "13. BM13_Phu luc cam kết các chỉ số tài chính", "uploaded_at": "2026-02-07T20:11:27.499Z", "loop_object_type": null}}, {"model": "document_automation.documenttemplate", "pk": 61, "fields": {"name": "BB thỏa thuận giá trị tài sản", "file": "doc_templates/ok_251-Bien_ban_thoa_thuan_gia_tri_tai_san_the_chap.docx", "department": "HTTD", "description": "Áp dụng cho bất động sản", "uploaded_at": "2026-02-12T16:58:08.878Z", "loop_object_type": 2}}, {"model": "document_automation.documenttemplate", "pk": 62, "fields": {"name": "Hợp đồng Tín Dụng Hạn Mức", "file": "doc_templates/ok_3.BM03_Hop_dong_tin_dung_han_muc.docx", "department": "HTTD", "description": "Dành cho HĐTD Hạn Mức", "uploaded_at": "2026-02-15T23:57:18.400Z", "loop_object_type": null}}, {"model": "document_automation.documenttemplate", "pk": 68, "fields": {"name": "Cam kết CTXD", "file": "doc_templates/ok_BM04_Cam_kết_thế_chấp_theo_hiện_trạng_thực_tế.docx", "department": "HTTD", "description": "Về việc thế chấp quyền sử dụng đất, tài sản gắn liền với đất theo hiện trạng thực tế", "uploaded_at": "2026-02-25T07:39:22.860Z", "loop_object_type": null}}, {"model": "document_automation.documenttemplate", "pk": 72, "fields": {"name": "Cam kết chuyển dòng tiền", "file": "doc_templates/CK_chuyen_dong_tien_2026_PIJZMHe.docx", "department": "HTTD", "description": "Cam kết chuyển dòng tiền về tài khoản thanh toán", "uploaded_at": "2026-02-27T02:38:38.985Z", "loop_object_type": null}}, {"model": "document_automation.documenttemplate", "pk": 79, "fields": {"name": "Xác nhận sử dụng tài sản để đảm bảo khoản vay", "file": "doc_templates/20_vWzonnj.BM20_Xác_nhận_sử_dụng_tài_sản_để_đảm_bảo_cho_nghĩa_vụ_tại_Vietbank.docx", "department": "HTTD", "description": "Xác nhận sử dụng tài sản để đảm bảo cho nghĩa vụ tại Vietbank", "uploaded_at": "2026-02-27T07:31:29.333Z", "loop_object_type": null}}, {"model": "document_automation.documenttemplate", "pk": 80, "fields": {"name": "Cam kết Nơi Cư Trú, Doanh Thu, Casa, Dòng Tiền...", "file": "doc_templates/BM02_Giấy_cam_kết_Cư_Trú_-_Doanh_Thu_-_CASA-_Dòng_Tiền.docx", "department": "HTTD", "description": "Mẫu cam kết chung, cần tự thêm nội dung sau khi tải về", "uploaded_at": "2026-02-27T07:58:44.337Z", "loop_object_type": null}}, {"model": "document_automation.documenttemplate", "pk": 81, "fields": {"name": "Cam kết Nơi Cư Trú, Doanh Thu, Casa, Dòng Tiền... 1", "file": "doc_templates/BM02_Giấy_cam_kết_Cư_Trú_-_Doanh_Thu_-_CASA-_Dòng_Tiền_fyx2Dg9.docx", "department": "HTTD", "description": "Mẫu cam kết chung, cần tự thêm nội dung sau khi tải về", "uploaded_at": "2026-02-27T08:07:48.072Z", "loop_object_type": null}}, {"model": "document_automation.documenttemplate", "pk": 90, "fields": {"name": "Giấy nhận nợ hạn mức", "file": "doc_templates/9.BM09_Giay_nhan_no_han_muc.docx", "department": "HTTD", "description": "Dành cho hợp đồng Tín Dụng Hạn Mức", "uploaded_at": "2026-02-28T17:47:41.572Z", "loop_object_type": null}}, {"model": "document_automation.documenttemplate", "pk": 93, "fields": {"name": "Giấy nhận nợ từng lần", "file": "doc_templates/ok_10.BM10_Giay_nhan_no_tung_lan.docx", "department": "HTTD", "description": "Dành cho hợp đồng Tín Dụng Từng Lần", "uploaded_at": "2026-02-28T17:54:35.939Z", "loop_object_type": null}}, {"model": "document_automation.loanprofile", "pk": 62, "fields": {"created_by_user": 6, "created_at": "2026-03-02T07:40:28.719Z", "updated_at": "2026-03-02T07:40:28.897Z", "name": "test 2/3 lần 2", "form_view": 1, "status": "DRAFT", "lock_password": null, "editing_by": null, "editing_since": null}}, {"model": "document_automation.loanprofile", "pk": 63, "fields": {"created_by_user": 6, "created_at": "2026-03-02T07:40:58.111Z", "updated_at": "2026-03-02T08:42:01.325Z", "name": "test 2/3 lần 3", "form_view": 1, "status": "DRAFT", "lock_password": null, "editing_by": null, "editing_since": null}}, {"model": "document_automation.loanprofile", "pk": 64, "fields": {"created_by_user": 6, "created_at": "2026-03-02T08:00:42.604Z", "updated_at": "2026-03-02T09:26:19.299Z", "name": "test 2/3 lần 4", "form_view": 1, "status": "DRAFT", "lock_password": null, "editing_by": 6, "editing_since": "2026-03-02T09:22:18.157Z"}}, {"model": "document_automation.loanprofile", "pk": 65, "fields": {"created_by_user": 6, "created_at": "2026-03-02T09:27:06.857Z", "updated_at": "2026-03-02T09:55:04.001Z", "name": "test 2/3 lần 5", "form_view": 1, "status": "DRAFT", "lock_password": null, "editing_by": 6, "editing_since": "2026-03-02T09:51:02.828Z"}}, {"model": "document_automation.loanprofile", "pk": 66, "fields": {"created_by_user": 6, "created_at": "2026-03-03T01:14:28.271Z", "updated_at": "2026-03-03T01:38:02.418Z", "name": "test 3/3 lần 1", "form_view": 1, "status": "DRAFT", "lock_password": null, "editing_by": 6, "editing_since": "2026-03-03T01:37:01.415Z"}}, {"model": "document_automation.loanprofile", "pk": 67, "fields": {"created_by_user": 7, "created_at": "2026-03-03T01:39:44.136Z", "updated_at": "2026-03-03T04:20:11.790Z", "name": "test 3/3 lần 2", "form_view": 1, "status": "DRAFT", "lock_password": null, "editing_by": null, "editing_since": null}}, {"model": "document_automation.loanprofile", "pk": 68, "fields": {"created_by_user": 6, "created_at": "2026-03-03T02:22:31.931Z", "updated_at": "2026-03-03T03:26:54.099Z", "name": "test 3/3 lần 3", "form_view": 1, "status": "DRAFT", "lock_password": null, "editing_by": null, "editing_since": null}}, {"model": "document_automation.loanprofile", "pk": 69, "fields": {"created_by_user": 6, "created_at": "2026-03-03T03:40:08.826Z", "updated_at": "2026-03-03T04:08:56.757Z", "name": "test 3/3 lần 4", "form_view": 1, "status": "DRAFT", "lock_password": null, "editing_by": null, "editing_since": null}}, {"model": "document_automation.loanprofile", "pk": 70, "fields": {"created_by_user": 7, "created_at": "2026-03-03T08:38:14.062Z", "updated_at": "2026-03-03T16:55:58.152Z", "name": "test 3/3 lần 5", "form_view": 1, "status": "DRAFT", "lock_password": null, "editing_by": null, "editing_since": null}}, {"model": "document_automation.masterobjecttype", "pk": 1, "fields": {"code": "PERSON", "name": "Cá nhân", "description": "Thông tin về con người thuộc đối tượng này. Sử dụng số căn cước công dân để làm khóa liên kết trong cơ sở dữ liệu", "is_system": true, "identity_field_key": "cccd", "dynamic_summary_template": "{cccd}", "form_display_mode": "DEDICATED_SECTION", "layout_position": "LEFT", "allow_relations": true, "order": 2, "created_at": "2025-12-31T09:59:02.823Z", "updated_at": "2026-02-02T15:50:32.936Z"}}, {"model": "document_automation.masterobjecttype", "pk": 2, "fields": {"code": "REALESTATE", "name": "Bất động sản", "description": null, "is_system": true, "identity_field_key": "chung_nhan_qsdd", "dynamic_summary_template": "{so_vao_so}", "form_display_mode": "ASSET_LIST", "layout_position": "LEFT", "allow_relations": true, "order": 1, "created_at": "2025-12-31T09:59:02.828Z", "updated_at": "2026-02-02T15:50:41.361Z"}}, {"model": "document_automation.masterobjecttype", "pk": 3, "fields": {"code": "SAVINGS", "name": "Sổ tiết kiệm", "description": null, "is_system": true, "identity_field_key": "stk", "dynamic_summary_template": "{so_tien_goi}", "form_display_mode": "ASSET_LIST", "layout_position": "LEFT", "allow_relations": true, "order": 0, "created_at": "2025-12-31T09:59:02.830Z", "updated_at": "2026-02-02T15:50:50.226Z"}}, {"model": "document_automation.masterobjecttype", "pk": 4, "fields": {"code": "VEHICLE", "name": "Phương tiện", "description": null, "is_system": true, "identity_field_key": "dang_ky_xe", "dynamic_summary_template": "{nhan_hieu_xe}", "form_display_mode": "ASSET_LIST", "layout_position": "LEFT", "allow_relations": true, "order": 0, "created_at": "2025-12-31T09:59:02.832Z", "updated_at": "2026-02-02T15:50:57.847Z"}}, {"model": "document_automation.masterobjecttype", "pk": 5, "fields": {"code": "INSURANCE", "name": "Bảo hiểm", "description": null, "is_system": true, "identity_field_key": null, "dynamic_summary_template": null, "form_display_mode": "ASSET_LIST", "layout_position": "LEFT", "allow_relations": true, "order": 0, "created_at": "2025-12-31T09:59:02.834Z", "updated_at": "2026-02-02T15:50:23.644Z"}}, {"model": "document_automation.masterobjecttype", "pk": 6, "fields": {"code": "BOND", "name": "Trái phiếu", "description": null, "is_system": true, "identity_field_key": "ma_trai_phieu", "dynamic_summary_template": "{menh_gia_trai_phieu}", "form_display_mode": "ASSET_LIST", "layout_position": "LEFT", "allow_relations": true, "order": 0, "created_at": "2025-12-31T09:59:02.836Z", "updated_at": "2026-02-02T15:49:53.885Z"}}, {"model": "document_automation.masterobjecttype", "pk": 11, "fields": {"code": "ATTORNEY", "name": "Đại diện Ngân Hàng", "description": "Những người đại diện cho ngân hàng sẽ thuộc đối tượng này", "is_system": false, "identity_field_key": "cccd_bank", "dynamic_summary_template": "{nguoi_dai_dien}", "form_display_mode": "DEDICATED_SECTION", "layout_position": "LEFT", "allow_relations": false, "order": 5, "created_at": "2026-01-22T03:34:05.623Z", "updated_at": "2026-02-02T15:27:07.370Z"}}, {"model": "document_automation.masterobjecttype", "pk": 13, "fields": {"code": "CONTRACT_HDTC", "name": "Hợp đồng Thế Chấp", "description": "", "is_system": false, "identity_field_key": "hdtc", "dynamic_summary_template": "{tong_gia_tri_tai_san}", "form_display_mode": "DEDICATED_SECTION", "layout_position": "RIGHT", "allow_relations": true, "order": 0, "created_at": "2026-01-28T09:40:11.134Z", "updated_at": "2026-02-02T15:49:58.294Z"}}, {"model": "document_automation.masterobjecttype", "pk": 14, "fields": {"code": "CONTRACT_HDTD_TL", "name": "Hợp đồng Tín Dụng Từng Lần", "description": "", "is_system": false, "identity_field_key": "hdtd_tl", "dynamic_summary_template": "{hdtd_tl_so_tien_vay}", "form_display_mode": "DEDICATED_SECTION", "layout_position": "LEFT", "allow_relations": true, "order": 0, "created_at": "2026-01-28T09:41:38.739Z", "updated_at": "2026-02-02T15:50:13.933Z"}}, {"model": "document_automation.masterobjecttype", "pk": 15, "fields": {"code": "CONTRACT_HDTD_HM", "name": "Hợp đồng Tín Dụng Hạn Mức", "description": "", "is_system": false, "identity_field_key": "hdtd_hm", "dynamic_summary_template": "{hdtd_hm_so_tien_vay}", "form_display_mode": "DEDICATED_SECTION", "layout_position": "LEFT", "allow_relations": true, "order": 1, "created_at": "2026-01-28T09:42:31.161Z", "updated_at": "2026-02-02T15:50:03.114Z"}}, {"model": "document_automation.masterobject", "pk": 240, "fields": {"object_type": "CONTRACT_HDTD_TL", "is_draft": false, "created_at": "2026-03-02T07:40:28.917Z", "updated_at": "2026-03-02T08:42:01.330Z", "deleted_at": null, "last_updated_by": 6, "editing_by": null, "editing_since": null}}, {"model": "document_automation.masterobject", "pk": 241, "fields": {"object_type": "PERSON", "is_draft": false, "created_at": "2026-03-02T07:40:29.125Z", "updated_at": "2026-03-02T08:59:38.161Z", "deleted_at": null, "last_updated_by": 6, "editing_by": null, "editing_since": null}}, {"model": "document_automation.masterobject", "pk": 242, "fields": {"object_type": "PERSON", "is_draft": false, "created_at": "2026-03-02T07:40:29.232Z", "updated_at": "2026-03-02T08:42:01.409Z", "deleted_at": null, "last_updated_by": 6, "editing_by": null, "editing_since": null}}, {"model": "document_automation.masterobject", "pk": 243, "fields": {"object_type": "ATTORNEY", "is_draft": false, "created_at": "2026-03-02T07:40:29.360Z", "updated_at": "2026-03-03T04:20:11.793Z", "deleted_at": null, "last_updated_by": 7, "editing_by": null, "editing_since": null}}, {"model": "document_automation.masterobject", "pk": 244, "fields": {"object_type": "CONTRACT_HDTC", "is_draft": false, "created_at": "2026-03-02T07:40:29.427Z", "updated_at": "2026-03-02T08:42:01.573Z", "deleted_at": null, "last_updated_by": 6, "editing_by": null, "editing_since": null}}, {"model": "document_automation.masterobject", "pk": 245, "fields": {"object_type": "REALESTATE", "is_draft": false, "created_at": "2026-03-02T07:40:29.471Z", "updated_at": "2026-03-03T04:20:11.873Z", "deleted_at": null, "last_updated_by": 7, "editing_by": null, "editing_since": null}}, {"model": "document_automation.masterobject", "pk": 246, "fields": {"object_type": "CONTRACT_HDTD_HM", "is_draft": false, "created_at": "2026-03-02T08:00:42.855Z", "updated_at": "2026-03-03T04:20:12.087Z", "deleted_at": null, "last_updated_by": 7, "editing_by": null, "editing_since": null}}, {"model": "document_automation.masterobject", "pk": 247, "fields": {"object_type": "PERSON", "is_draft": false, "created_at": "2026-03-02T08:00:42.991Z", "updated_at": "2026-03-03T04:20:12.160Z", "deleted_at": null, "last_updated_by": 7, "editing_by": null, "editing_since": null}}, {"model": "document_automation.masterobject", "pk": 248, "fields": {"object_type": "PERSON", "is_draft": false, "created_at": "2026-03-02T08:00:43.086Z", "updated_at": "2026-03-02T09:49:31.401Z", "deleted_at": null, "last_updated_by": 6, "editing_by": null, "editing_since": null}}, {"model": "document_automation.masterobject", "pk": 249, "fields": {"object_type": "CONTRACT_HDTC", "is_draft": false, "created_at": "2026-03-02T08:00:43.210Z", "updated_at": "2026-03-03T04:20:11.844Z", "deleted_at": null, "last_updated_by": 7, "editing_by": null, "editing_since": null}}, {"model": "document_automation.masterobject", "pk": 252, "fields": {"object_type": "PERSON", "is_draft": false, "created_at": "2026-03-03T01:40:38.076Z", "updated_at": "2026-03-03T16:55:58.156Z", "deleted_at": null, "last_updated_by": 7, "editing_by": null, "editing_since": null}}, {"model": "document_automation.masterobject", "pk": 255, "fields": {"object_type": "CONTRACT_HDTD_HM", "is_draft": false, "created_at": "2026-03-03T03:42:14.693Z", "updated_at": "2026-03-03T16:55:58.381Z", "deleted_at": null, "last_updated_by": 7, "editing_by": null, "editing_since": null}}, {"model": "document_automation.masterobject", "pk": 257, "fields": {"object_type": "ATTORNEY", "is_draft": false, "created_at": "2026-03-04T06:37:31.272Z", "updated_at": "2026-03-04T06:37:31.272Z", "deleted_at": null, "last_updated_by": 6, "editing_by": null, "editing_since": null}}, {"model": "document_automation.loanprofileobjectlink", "pk": 287, "fields": {"loan_profile": 62, "master_object": 240, "roles": []}}, {"model": "document_automation.loanprofileobjectlink", "pk": 288, "fields": {"loan_profile": 62, "master_object": 241, "roles": ["Bên Thế Chấp", "Bên được cấp Tín Dụng"]}}, {"model": "document_automation.loanprofileobjectlink", "pk": 289, "fields": {"loan_profile": 62, "master_object": 242, "roles": ["Người được UQ nhận tiền", "Bên Thế Chấp", "Bên được cấp Tín Dụng"]}}, {"model": "document_automation.loanprofileobjectlink", "pk": 290, "fields": {"loan_profile": 62, "master_object": 243, "roles": ["đại diện"]}}, {"model": "document_automation.loanprofileobjectlink", "pk": 291, "fields": {"loan_profile": 62, "master_object": 244, "roles": []}}, {"model": "document_automation.loanprofileobjectlink", "pk": 292, "fields": {"loan_profile": 62, "master_object": 245, "roles": []}}, {"model": "document_automation.loanprofileobjectlink", "pk": 293, "fields": {"loan_profile": 63, "master_object": 240, "roles": []}}, {"model": "document_automation.loanprofileobjectlink", "pk": 294, "fields": {"loan_profile": 63, "master_object": 241, "roles": ["Bên Thế Chấp", "Bên được cấp Tín Dụng"]}}, {"model": "document_automation.loanprofileobjectlink", "pk": 295, "fields": {"loan_profile": 63, "master_object": 242, "roles": ["Người được UQ nhận tiền", "Bên Thế Chấp", "Bên được cấp Tín Dụng"]}}, {"model": "document_automation.loanprofileobjectlink", "pk": 296, "fields": {"loan_profile": 63, "master_object": 243, "roles": ["đại diện"]}}, {"model": "document_automation.loanprofileobjectlink", "pk": 297, "fields": {"loan_profile": 63, "master_object": 244, "roles": []}}, {"model": "document_automation.loanprofileobjectlink", "pk": 298, "fields": {"loan_profile": 63, "master_object": 245, "roles": []}}, {"model": "document_automation.loanprofileobjectlink", "pk": 299, "fields": {"loan_profile": 64, "master_object": 246, "roles": []}}, {"model": "document_automation.loanprofileobjectlink", "pk": 300, "fields": {"loan_profile": 64, "master_object": 247, "roles": ["Bên Thế Chấp", "Bên được cấp Tín Dụng"]}}, {"model": "document_automation.loanprofileobjectlink", "pk": 301, "fields": {"loan_profile": 64, "master_object": 248, "roles": ["Bên Thế Chấp", "Người được UQ nhận tiền", "Bên được cấp Tín Dụng"]}}, {"model": "document_automation.loanprofileobjectlink", "pk": 302, "fields": {"loan_profile": 64, "master_object": 243, "roles": ["đại diện"]}}, {"model": "document_automation.loanprofileobjectlink", "pk": 303, "fields": {"loan_profile": 64, "master_object": 249, "roles": []}}, {"model": "document_automation.loanprofileobjectlink", "pk": 304, "fields": {"loan_profile": 64, "master_object": 245, "roles": []}}, {"model": "document_automation.loanprofileobjectlink", "pk": 305, "fields": {"loan_profile": 65, "master_object": 243, "roles": ["đại diện"]}}, {"model": "document_automation.loanprofileobjectlink", "pk": 306, "fields": {"loan_profile": 65, "master_object": 245, "roles": []}}, {"model": "document_automation.loanprofileobjectlink", "pk": 307, "fields": {"loan_profile": 65, "master_object": 246, "roles": []}}, {"model": "document_automation.loanprofileobjectlink", "pk": 308, "fields": {"loan_profile": 65, "master_object": 247, "roles": ["Bên Thế Chấp", "Người được UQ nhận tiền", "Bên được cấp Tín Dụng"]}}, {"model": "document_automation.loanprofileobjectlink", "pk": 310, "fields": {"loan_profile": 65, "master_object": 249, "roles": []}}, {"model": "document_automation.loanprofileobjectlink", "pk": 314, "fields": {"loan_profile": 66, "master_object": 247, "roles": ["Bên Thế Chấp", "Người được UQ nhận tiền", "Bên được cấp Tín Dụng"]}}, {"model": "document_automation.loanprofileobjectlink", "pk": 315, "fields": {"loan_profile": 66, "master_object": 243, "roles": ["đại diện"]}}, {"model": "document_automation.loanprofileobjectlink", "pk": 316, "fields": {"loan_profile": 66, "master_object": 249, "roles": []}}, {"model": "document_automation.loanprofileobjectlink", "pk": 317, "fields": {"loan_profile": 66, "master_object": 245, "roles": []}}, {"model": "document_automation.loanprofileobjectlink", "pk": 318, "fields": {"loan_profile": 66, "master_object": 246, "roles": []}}, {"model": "document_automation.loanprofileobjectlink", "pk": 321, "fields": {"loan_profile": 67, "master_object": 247, "roles": ["Bên Thế Chấp", "Người được UQ nhận tiền", "Bên được cấp Tín Dụng"]}}, {"model": "document_automation.loanprofileobjectlink", "pk": 322, "fields": {"loan_profile": 67, "master_object": 243, "roles": ["đại diện"]}}, {"model": "document_automation.loanprofileobjectlink", "pk": 323, "fields": {"loan_profile": 67, "master_object": 249, "roles": []}}, {"model": "document_automation.loanprofileobjectlink", "pk": 324, "fields": {"loan_profile": 67, "master_object": 245, "roles": []}}, {"model": "document_automation.loanprofileobjectlink", "pk": 325, "fields": {"loan_profile": 67, "master_object": 246, "roles": []}}, {"model": "document_automation.loanprofileobjectlink", "pk": 335, "fields": {"loan_profile": 69, "master_object": 255, "roles": []}}, {"model": "document_automation.loanprofileobjectlink", "pk": 339, "fields": {"loan_profile": 70, "master_object": 255, "roles": []}}, {"model": "document_automation.loanprofileobjectlink", "pk": 340, "fields": {"loan_profile": 70, "master_object": 252, "roles": ["Bên Thế Chấp"]}}, {"model": "document_automation.fieldvalue", "pk": 3656, "fields": {"loan_profile": null, "master_object": 240, "field": 60, "value": "Mua bán bất đọng sản"}}, {"model": "document_automation.fieldvalue", "pk": 3657, "fields": {"loan_profile": null, "master_object": 240, "field": 61, "value": "Ngày 05 hằng tháng."}}, {"model": "document_automation.fieldvalue", "pk": 3658, "fields": {"loan_profile": null, "master_object": 240, "field": 62, "value": "DAL.HDTDTL.HD0924"}}, {"model": "document_automation.fieldvalue", "pk": 3659, "fields": {"loan_profile": null, "master_object": 240, "field": 67, "value": "60"}}, {"model": "document_automation.fieldvalue", "pk": 3660, "fields": {"loan_profile": null, "master_object": 240, "field": 71, "value": "2000000"}}, {"model": "document_automation.fieldvalue", "pk": 3661, "fields": {"loan_profile": null, "master_object": 240, "field": 74, "value": "0.5"}}, {"model": "document_automation.fieldvalue", "pk": 3662, "fields": {"loan_profile": null, "master_object": 240, "field": 80, "value": "6"}}, {"model": "document_automation.fieldvalue", "pk": 3663, "fields": {"loan_profile": null, "master_object": 240, "field": 83, "value": "120"}}, {"model": "document_automation.fieldvalue", "pk": 3664, "fields": {"loan_profile": null, "master_object": 240, "field": 63, "value": "1200000000"}}, {"model": "document_automation.fieldvalue", "pk": 3665, "fields": {"loan_profile": 62, "master_object": 240, "field": 60, "value": "Mua bán bất đọng sản"}}, {"model": "document_automation.fieldvalue", "pk": 3666, "fields": {"loan_profile": 62, "master_object": 240, "field": 61, "value": "Ngày 05 hằng tháng."}}, {"model": "document_automation.fieldvalue", "pk": 3667, "fields": {"loan_profile": 62, "master_object": 240, "field": 62, "value": "DAL.HDTDTL.HD0924"}}, {"model": "document_automation.fieldvalue", "pk": 3668, "fields": {"loan_profile": 62, "master_object": 240, "field": 67, "value": "60"}}, {"model": "document_automation.fieldvalue", "pk": 3669, "fields": {"loan_profile": 62, "master_object": 240, "field": 71, "value": "2000000"}}, {"model": "document_automation.fieldvalue", "pk": 3670, "fields": {"loan_profile": 62, "master_object": 240, "field": 74, "value": "0.5"}}, {"model": "document_automation.fieldvalue", "pk": 3671, "fields": {"loan_profile": 62, "master_object": 240, "field": 80, "value": "6"}}, {"model": "document_automation.fieldvalue", "pk": 3672, "fields": {"loan_profile": 62, "master_object": 240, "field": 83, "value": "120"}}, {"model": "document_automation.fieldvalue", "pk": 3673, "fields": {"loan_profile": 62, "master_object": 240, "field": 63, "value": "1200000000"}}, {"model": "document_automation.fieldvalue", "pk": 3674, "fields": {"loan_profile": null, "master_object": 241, "field": 37, "value": "Cục Cảnh Sát QLHC về TTXH"}}, {"model": "document_automation.fieldvalue", "pk": 3675, "fields": {"loan_profile": null, "master_object": 241, "field": 5, "value": "Đinh Ngọc Dung"}}, {"model": "document_automation.fieldvalue", "pk": 3676, "fields": {"loan_profile": null, "master_object": 241, "field": 6, "value": "88888888"}}, {"model": "document_automation.fieldvalue", "pk": 3677, "fields": {"loan_profile": null, "master_object": 241, "field": 38, "value": "25/03/2021"}}, {"model": "document_automation.fieldvalue", "pk": 3678, "fields": {"loan_profile": null, "master_object": 241, "field": 20, "value": "15/03/2000"}}, {"model": "document_automation.fieldvalue", "pk": 3679, "fields": {"loan_profile": null, "master_object": 241, "field": 7, "value": "170 Lý Chính Thắng, Q3, HCM"}}, {"model": "document_automation.fieldvalue", "pk": 3680, "fields": {"loan_profile": null, "master_object": 241, "field": 8, "value": "09527864"}}, {"model": "document_automation.fieldvalue", "pk": 3681, "fields": {"loan_profile": 62, "master_object": 241, "field": 37, "value": "Cục Cảnh Sát QLHC về TTXH"}}, {"model": "document_automation.fieldvalue", "pk": 3682, "fields": {"loan_profile": 62, "master_object": 241, "field": 5, "value": "Đinh Ngọc Dung"}}, {"model": "document_automation.fieldvalue", "pk": 3683, "fields": {"loan_profile": 62, "master_object": 241, "field": 6, "value": ""}}, {"model": "document_automation.fieldvalue", "pk": 3684, "fields": {"loan_profile": 62, "master_object": 241, "field": 38, "value": "25/03/2021"}}, {"model": "document_automation.fieldvalue", "pk": 3685, "fields": {"loan_profile": 62, "master_object": 241, "field": 20, "value": "15/03/2000"}}, {"model": "document_automation.fieldvalue", "pk": 3686, "fields": {"loan_profile": 62, "master_object": 241, "field": 7, "value": "170 Lý Chính Thắng, Q3, HCM"}}, {"model": "document_automation.fieldvalue", "pk": 3687, "fields": {"loan_profile": 62, "master_object": 241, "field": 8, "value": "09527864"}}, {"model": "document_automation.fieldvalue", "pk": 3688, "fields": {"loan_profile": null, "master_object": 242, "field": 37, "value": "Cục Cảnh Sát QLHC về TTXH"}}, {"model": "document_automation.fieldvalue", "pk": 3689, "fields": {"loan_profile": null, "master_object": 242, "field": 5, "value": "Trần Văn Thời"}}, {"model": "document_automation.fieldvalue", "pk": 3690, "fields": {"loan_profile": null, "master_object": 242, "field": 6, "value": "09428979"}}, {"model": "document_automation.fieldvalue", "pk": 3691, "fields": {"loan_profile": null, "master_object": 242, "field": 38, "value": "05/04/2020"}}, {"model": "document_automation.fieldvalue", "pk": 3692, "fields": {"loan_profile": null, "master_object": 242, "field": 20, "value": "12/03/2000"}}, {"model": "document_automation.fieldvalue", "pk": 3693, "fields": {"loan_profile": null, "master_object": 242, "field": 7, "value": "Tổ 3, phường Vĩnh Thạnh, Khánh Hòa"}}, {"model": "document_automation.fieldvalue", "pk": 3694, "fields": {"loan_profile": null, "master_object": 242, "field": 8, "value": "098925782"}}, {"model": "document_automation.fieldvalue", "pk": 3695, "fields": {"loan_profile": 62, "master_object": 242, "field": 37, "value": "Cục Cảnh Sát QLHC về TTXH"}}, {"model": "document_automation.fieldvalue", "pk": 3696, "fields": {"loan_profile": 62, "master_object": 242, "field": 5, "value": "Trần Văn Thời"}}, {"model": "document_automation.fieldvalue", "pk": 3697, "fields": {"loan_profile": 62, "master_object": 242, "field": 6, "value": "09428979"}}, {"model": "document_automation.fieldvalue", "pk": 3698, "fields": {"loan_profile": 62, "master_object": 242, "field": 38, "value": "05/04/2020"}}, {"model": "document_automation.fieldvalue", "pk": 3699, "fields": {"loan_profile": 62, "master_object": 242, "field": 20, "value": "12/03/2000"}}, {"model": "document_automation.fieldvalue", "pk": 3700, "fields": {"loan_profile": 62, "master_object": 242, "field": 7, "value": "Tổ 3, phường Vĩnh Thạnh, Khánh Hòa"}}, {"model": "document_automation.fieldvalue", "pk": 3701, "fields": {"loan_profile": 62, "master_object": 242, "field": 8, "value": "098925782"}}, {"model": "document_automation.fieldvalue", "pk": 3702, "fields": {"loan_profile": null, "master_object": 243, "field": 54, "value": "Đặng Thị Thoan"}}, {"model": "document_automation.fieldvalue", "pk": 3703, "fields": {"loan_profile": null, "master_object": 243, "field": 55, "value": "Phó Giám Đốc"}}, {"model": "document_automation.fieldvalue", "pk": 3704, "fields": {"loan_profile": null, "master_object": 243, "field": 56, "value": "1144/2025/QĐ-TGĐ ngày 19/05/2024"}}, {"model": "document_automation.fieldvalue", "pk": 3705, "fields": {"loan_profile": null, "master_object": 243, "field": 57, "value": "066084012784"}}, {"model": "document_automation.fieldvalue", "pk": 3706, "fields": {"loan_profile": 62, "master_object": 243, "field": 54, "value": "Đặng Thị Thoan"}}, {"model": "document_automation.fieldvalue", "pk": 3707, "fields": {"loan_profile": 62, "master_object": 243, "field": 55, "value": "Phó Giám Đốc"}}, {"model": "document_automation.fieldvalue", "pk": 3708, "fields": {"loan_profile": 62, "master_object": 243, "field": 56, "value": "1144/2025/QĐ-TGĐ ngày 19/05/2024"}}, {"model": "document_automation.fieldvalue", "pk": 3709, "fields": {"loan_profile": 62, "master_object": 243, "field": 57, "value": "066084012784"}}, {"model": "document_automation.fieldvalue", "pk": 3710, "fields": {"loan_profile": null, "master_object": 244, "field": 21, "value": "HĐTC/2100/TC0427823"}}, {"model": "document_automation.fieldvalue", "pk": 3711, "fields": {"loan_profile": null, "master_object": 244, "field": 50, "value": "2000000000"}}, {"model": "document_automation.fieldvalue", "pk": 3712, "fields": {"loan_profile": null, "master_object": 244, "field": 23, "value": "25/02/2026"}}, {"model": "document_automation.fieldvalue", "pk": 3713, "fields": {"loan_profile": 62, "master_object": 244, "field": 21, "value": "HĐTC/2100/TC0427823"}}, {"model": "document_automation.fieldvalue", "pk": 3714, "fields": {"loan_profile": 62, "master_object": 244, "field": 50, "value": "2000000000"}}, {"model": "document_automation.fieldvalue", "pk": 3715, "fields": {"loan_profile": 62, "master_object": 244, "field": 23, "value": "25/02/2026"}}, {"model": "document_automation.fieldvalue", "pk": 3716, "fields": {"loan_profile": null, "master_object": 245, "field": 26, "value": "BK89257852"}}, {"model": "document_automation.fieldvalue", "pk": 3717, "fields": {"loan_profile": null, "master_object": 245, "field": 27, "value": "CS342081"}}, {"model": "document_automation.fieldvalue", "pk": 3718, "fields": {"loan_profile": null, "master_object": 245, "field": 10, "value": "23"}}, {"model": "document_automation.fieldvalue", "pk": 3719, "fields": {"loan_profile": null, "master_object": 245, "field": 9, "value": "56"}}, {"model": "document_automation.fieldvalue", "pk": 3720, "fields": {"loan_profile": null, "master_object": 245, "field": 40, "value": "11/03/2000"}}, {"model": "document_automation.fieldvalue", "pk": 3721, "fields": {"loan_profile": null, "master_object": 245, "field": 41, "value": "Sở TNMT tỉnh Đăk Lăk"}}, {"model": "document_automation.fieldvalue", "pk": 3722, "fields": {"loan_profile": null, "master_object": 245, "field": 12, "value": "120"}}, {"model": "document_automation.fieldvalue", "pk": 3723, "fields": {"loan_profile": null, "master_object": 245, "field": 13, "value": "Sử dụng riêng"}}, {"model": "document_automation.fieldvalue", "pk": 3724, "fields": {"loan_profile": null, "master_object": 245, "field": 15, "value": "Đất ở đô thị"}}, {"model": "document_automation.fieldvalue", "pk": 3725, "fields": {"loan_profile": null, "master_object": 245, "field": 16, "value": "2060"}}, {"model": "document_automation.fieldvalue", "pk": 3726, "fields": {"loan_profile": null, "master_object": 245, "field": 11, "value": "Lô 3, tổ 5 phường Tân Lập Đông, Phú Yên"}}, {"model": "document_automation.fieldvalue", "pk": 3727, "fields": {"loan_profile": null, "master_object": 245, "field": 39, "value": "Giấy chứng nhận quyền sử dụng đất quyền sở hữu tài sản khác gắn liền với đất số BK89257852, số vào sổ cấp GCN: CS342081 do Sở TNMT tỉnh Đăk Lăk cấp ngày 11/03/2000."}}, {"model": "document_automation.fieldvalue", "pk": 3728, "fields": {"loan_profile": null, "master_object": 245, "field": 75, "value": "32785278"}}, {"model": "document_automation.fieldvalue", "pk": 3729, "fields": {"loan_profile": null, "master_object": 245, "field": 76, "value": "02/03/2026"}}, {"model": "document_automation.fieldvalue", "pk": 3730, "fields": {"loan_profile": null, "master_object": 245, "field": 49, "value": "2000000000"}}, {"model": "document_automation.fieldvalue", "pk": 3731, "fields": {"loan_profile": 62, "master_object": 245, "field": 26, "value": "BK89257852"}}, {"model": "document_automation.fieldvalue", "pk": 3732, "fields": {"loan_profile": 62, "master_object": 245, "field": 27, "value": "CS342081"}}, {"model": "document_automation.fieldvalue", "pk": 3733, "fields": {"loan_profile": 62, "master_object": 245, "field": 10, "value": "23"}}, {"model": "document_automation.fieldvalue", "pk": 3734, "fields": {"loan_profile": 62, "master_object": 245, "field": 9, "value": "56"}}, {"model": "document_automation.fieldvalue", "pk": 3735, "fields": {"loan_profile": 62, "master_object": 245, "field": 40, "value": "11/03/2000"}}, {"model": "document_automation.fieldvalue", "pk": 3736, "fields": {"loan_profile": 62, "master_object": 245, "field": 41, "value": "Sở TNMT tỉnh Đăk Lăk"}}, {"model": "document_automation.fieldvalue", "pk": 3737, "fields": {"loan_profile": 62, "master_object": 245, "field": 12, "value": "120"}}, {"model": "document_automation.fieldvalue", "pk": 3738, "fields": {"loan_profile": 62, "master_object": 245, "field": 13, "value": "Sử dụng riêng"}}, {"model": "document_automation.fieldvalue", "pk": 3739, "fields": {"loan_profile": 62, "master_object": 245, "field": 15, "value": "Đất ở đô thị"}}, {"model": "document_automation.fieldvalue", "pk": 3740, "fields": {"loan_profile": 62, "master_object": 245, "field": 16, "value": "Lâu dài"}}, {"model": "document_automation.fieldvalue", "pk": 3741, "fields": {"loan_profile": 62, "master_object": 245, "field": 11, "value": "Lô 3, tổ 5 phường Tân Lập Đông, Phú Yên"}}, {"model": "document_automation.fieldvalue", "pk": 3742, "fields": {"loan_profile": 62, "master_object": 245, "field": 39, "value": "Giấy chứng nhận quyền sử dụng đất quyền sở hữu tài sản khác gắn liền với đất số BK89257852, số vào sổ cấp GCN: CS342081 do Sở TNMT tỉnh Đăk Lăk cấp ngày 11/03/2000."}}, {"model": "document_automation.fieldvalue", "pk": 3743, "fields": {"loan_profile": 62, "master_object": 245, "field": 75, "value": "32785278"}}, {"model": "document_automation.fieldvalue", "pk": 3744, "fields": {"loan_profile": 62, "master_object": 245, "field": 76, "value": "02/03/2026"}}, {"model": "document_automation.fieldvalue", "pk": 3745, "fields": {"loan_profile": 62, "master_object": 245, "field": 49, "value": "2000000000"}}, {"model": "document_automation.fieldvalue", "pk": 3746, "fields": {"loan_profile": 63, "master_object": 240, "field": 60, "value": "Mua bán bất đọng sản"}}, {"model": "document_automation.fieldvalue", "pk": 3747, "fields": {"loan_profile": 63, "master_object": 240, "field": 61, "value": "Ngày 05 hằng tháng."}}, {"model": "document_automation.fieldvalue", "pk": 3748, "fields": {"loan_profile": 63, "master_object": 240, "field": 62, "value": "DAL.HDTDTL.HD0924"}}, {"model": "document_automation.fieldvalue", "pk": 3749, "fields": {"loan_profile": 63, "master_object": 240, "field": 67, "value": "60"}}, {"model": "document_automation.fieldvalue", "pk": 3750, "fields": {"loan_profile": 63, "master_object": 240, "field": 71, "value": "2000000"}}, {"model": "document_automation.fieldvalue", "pk": 3751, "fields": {"loan_profile": 63, "master_object": 240, "field": 74, "value": "0.5"}}, {"model": "document_automation.fieldvalue", "pk": 3752, "fields": {"loan_profile": 63, "master_object": 240, "field": 80, "value": "6"}}, {"model": "document_automation.fieldvalue", "pk": 3753, "fields": {"loan_profile": 63, "master_object": 240, "field": 83, "value": "120"}}, {"model": "document_automation.fieldvalue", "pk": 3754, "fields": {"loan_profile": 63, "master_object": 240, "field": 63, "value": "1200000000"}}, {"model": "document_automation.fieldvalue", "pk": 3755, "fields": {"loan_profile": 63, "master_object": 241, "field": 37, "value": "Cục Cảnh Sát QLHC về TTXH"}}, {"model": "document_automation.fieldvalue", "pk": 3756, "fields": {"loan_profile": 63, "master_object": 241, "field": 5, "value": "Đinh Ngọc Dung"}}, {"model": "document_automation.fieldvalue", "pk": 3757, "fields": {"loan_profile": 63, "master_object": 241, "field": 6, "value": "82578289467"}}, {"model": "document_automation.fieldvalue", "pk": 3758, "fields": {"loan_profile": 63, "master_object": 241, "field": 38, "value": "25/03/2021"}}, {"model": "document_automation.fieldvalue", "pk": 3759, "fields": {"loan_profile": 63, "master_object": 241, "field": 20, "value": "15/03/2000"}}, {"model": "document_automation.fieldvalue", "pk": 3760, "fields": {"loan_profile": 63, "master_object": 241, "field": 7, "value": "170 Lý Chính Thắng, Q3, HCM"}}, {"model": "document_automation.fieldvalue", "pk": 3761, "fields": {"loan_profile": 63, "master_object": 241, "field": 8, "value": "09527864"}}, {"model": "document_automation.fieldvalue", "pk": 3762, "fields": {"loan_profile": 63, "master_object": 242, "field": 37, "value": "Cục Cảnh Sát QLHC về TTXH"}}, {"model": "document_automation.fieldvalue", "pk": 3763, "fields": {"loan_profile": 63, "master_object": 242, "field": 5, "value": "Trần Văn Thời"}}, {"model": "document_automation.fieldvalue", "pk": 3764, "fields": {"loan_profile": 63, "master_object": 242, "field": 6, "value": "09428979"}}, {"model": "document_automation.fieldvalue", "pk": 3765, "fields": {"loan_profile": 63, "master_object": 242, "field": 38, "value": "05/04/2020"}}, {"model": "document_automation.fieldvalue", "pk": 3766, "fields": {"loan_profile": 63, "master_object": 242, "field": 20, "value": "12/03/2000"}}, {"model": "document_automation.fieldvalue", "pk": 3767, "fields": {"loan_profile": 63, "master_object": 242, "field": 7, "value": "Tổ 3, phường Vĩnh Thạnh, Khánh Hòa"}}, {"model": "document_automation.fieldvalue", "pk": 3768, "fields": {"loan_profile": 63, "master_object": 242, "field": 8, "value": "098925782"}}, {"model": "document_automation.fieldvalue", "pk": 3769, "fields": {"loan_profile": 63, "master_object": 243, "field": 54, "value": "Đặng Thị Thoan"}}, {"model": "document_automation.fieldvalue", "pk": 3770, "fields": {"loan_profile": 63, "master_object": 243, "field": 55, "value": "Phó Giám Đốc"}}, {"model": "document_automation.fieldvalue", "pk": 3771, "fields": {"loan_profile": 63, "master_object": 243, "field": 56, "value": "1144/2025/QĐ-TGĐ ngày 19/05/2024"}}, {"model": "document_automation.fieldvalue", "pk": 3772, "fields": {"loan_profile": 63, "master_object": 243, "field": 57, "value": "066084012784"}}, {"model": "document_automation.fieldvalue", "pk": 3773, "fields": {"loan_profile": 63, "master_object": 244, "field": 21, "value": "HĐTC/2100/TC0427823"}}, {"model": "document_automation.fieldvalue", "pk": 3774, "fields": {"loan_profile": 63, "master_object": 244, "field": 50, "value": "2000000000"}}, {"model": "document_automation.fieldvalue", "pk": 3775, "fields": {"loan_profile": 63, "master_object": 244, "field": 23, "value": "25/02/2026"}}, {"model": "document_automation.fieldvalue", "pk": 3776, "fields": {"loan_profile": 63, "master_object": 245, "field": 26, "value": "BK89257852"}}, {"model": "document_automation.fieldvalue", "pk": 3777, "fields": {"loan_profile": 63, "master_object": 245, "field": 27, "value": "CS342081"}}, {"model": "document_automation.fieldvalue", "pk": 3778, "fields": {"loan_profile": 63, "master_object": 245, "field": 10, "value": "23"}}, {"model": "document_automation.fieldvalue", "pk": 3779, "fields": {"loan_profile": 63, "master_object": 245, "field": 9, "value": "56"}}, {"model": "document_automation.fieldvalue", "pk": 3780, "fields": {"loan_profile": 63, "master_object": 245, "field": 40, "value": "11/03/2000"}}, {"model": "document_automation.fieldvalue", "pk": 3781, "fields": {"loan_profile": 63, "master_object": 245, "field": 41, "value": "Sở TNMT tỉnh Đăk Lăk"}}, {"model": "document_automation.fieldvalue", "pk": 3782, "fields": {"loan_profile": 63, "master_object": 245, "field": 12, "value": "120"}}, {"model": "document_automation.fieldvalue", "pk": 3783, "fields": {"loan_profile": 63, "master_object": 245, "field": 13, "value": "Sử dụng riêng"}}, {"model": "document_automation.fieldvalue", "pk": 3784, "fields": {"loan_profile": 63, "master_object": 245, "field": 15, "value": "Đất ở đô thị"}}, {"model": "document_automation.fieldvalue", "pk": 3785, "fields": {"loan_profile": 63, "master_object": 245, "field": 16, "value": "Lâu dài"}}, {"model": "document_automation.fieldvalue", "pk": 3786, "fields": {"loan_profile": 63, "master_object": 245, "field": 11, "value": "Lô 3, tổ 5 phường Tân Lập Đông, Phú Yên"}}, {"model": "document_automation.fieldvalue", "pk": 3787, "fields": {"loan_profile": 63, "master_object": 245, "field": 39, "value": "Giấy chứng nhận quyền sử dụng đất quyền sở hữu tài sản khác gắn liền với đất số BK89257852, số vào sổ cấp GCN: CS342081 do Sở TNMT tỉnh Đăk Lăk cấp ngày 11/03/2000."}}, {"model": "document_automation.fieldvalue", "pk": 3788, "fields": {"loan_profile": 63, "master_object": 245, "field": 75, "value": "32785278"}}, {"model": "document_automation.fieldvalue", "pk": 3789, "fields": {"loan_profile": 63, "master_object": 245, "field": 76, "value": "02/03/2026"}}, {"model": "document_automation.fieldvalue", "pk": 3790, "fields": {"loan_profile": 63, "master_object": 245, "field": 49, "value": "2000000000"}}, {"model": "document_automation.fieldvalue", "pk": 3791, "fields": {"loan_profile": 63, "master_object": 245, "field": 42, "value": "____"}}, {"model": "document_automation.fieldvalue", "pk": 3792, "fields": {"loan_profile": 63, "master_object": 245, "field": 43, "value": "____"}}, {"model": "document_automation.fieldvalue", "pk": 3793, "fields": {"loan_profile": 63, "master_object": 245, "field": 47, "value": "____"}}, {"model": "document_automation.fieldvalue", "pk": 3794, "fields": {"loan_profile": null, "master_object": 246, "field": 64, "value": "DAL.HDTDHM.30276"}}, {"model": "document_automation.fieldvalue", "pk": 3795, "fields": {"loan_profile": null, "master_object": 246, "field": 68, "value": "Ngày 10 hằng tháng."}}, {"model": "document_automation.fieldvalue", "pk": 3796, "fields": {"loan_profile": null, "master_object": 246, "field": 72, "value": "2000000"}}, {"model": "document_automation.fieldvalue", "pk": 3797, "fields": {"loan_profile": null, "master_object": 246, "field": 73, "value": "0.5"}}, {"model": "document_automation.fieldvalue", "pk": 3798, "fields": {"loan_profile": null, "master_object": 246, "field": 81, "value": "6"}}, {"model": "document_automation.fieldvalue", "pk": 3799, "fields": {"loan_profile": null, "master_object": 246, "field": 82, "value": "120"}}, {"model": "document_automation.fieldvalue", "pk": 3800, "fields": {"loan_profile": null, "master_object": 246, "field": 65, "value": "4000000000"}}, {"model": "document_automation.fieldvalue", "pk": 3801, "fields": {"loan_profile": null, "master_object": 246, "field": 66, "value": "Mua bán bất động sản"}}, {"model": "document_automation.fieldvalue", "pk": 3802, "fields": {"loan_profile": 64, "master_object": 246, "field": 64, "value": "DAL.HDTDHM.30276"}}, {"model": "document_automation.fieldvalue", "pk": 3803, "fields": {"loan_profile": 64, "master_object": 246, "field": 68, "value": "Ngày 10 hằng tháng."}}, {"model": "document_automation.fieldvalue", "pk": 3804, "fields": {"loan_profile": 64, "master_object": 246, "field": 72, "value": "2000000"}}, {"model": "document_automation.fieldvalue", "pk": 3805, "fields": {"loan_profile": 64, "master_object": 246, "field": 73, "value": "0.5"}}, {"model": "document_automation.fieldvalue", "pk": 3806, "fields": {"loan_profile": 64, "master_object": 246, "field": 81, "value": "6"}}, {"model": "document_automation.fieldvalue", "pk": 3807, "fields": {"loan_profile": 64, "master_object": 246, "field": 82, "value": "120"}}, {"model": "document_automation.fieldvalue", "pk": 3808, "fields": {"loan_profile": 64, "master_object": 246, "field": 65, "value": "4000000000"}}, {"model": "document_automation.fieldvalue", "pk": 3809, "fields": {"loan_profile": 64, "master_object": 246, "field": 66, "value": "Mua bán bất động sản"}}, {"model": "document_automation.fieldvalue", "pk": 3810, "fields": {"loan_profile": null, "master_object": 247, "field": 37, "value": "Cục Cảnh Sát QLHC về TTXH"}}, {"model": "document_automation.fieldvalue", "pk": 3811, "fields": {"loan_profile": null, "master_object": 247, "field": 5, "value": "Hoàng Ngọc Diêu"}}, {"model": "document_automation.fieldvalue", "pk": 3812, "fields": {"loan_profile": null, "master_object": 247, "field": 6, "value": "2784019449"}}, {"model": "document_automation.fieldvalue", "pk": 3813, "fields": {"loan_profile": null, "master_object": 247, "field": 38, "value": "07/10/2024"}}, {"model": "document_automation.fieldvalue", "pk": 3814, "fields": {"loan_profile": null, "master_object": 247, "field": 20, "value": "21/03/1983"}}, {"model": "document_automation.fieldvalue", "pk": 3815, "fields": {"loan_profile": null, "master_object": 247, "field": 7, "value": "Tổ 4, phường Khánh Vĩnh, Khánh Hòa"}}, {"model": "document_automation.fieldvalue", "pk": 3816, "fields": {"loan_profile": null, "master_object": 247, "field": 8, "value": "0491974523"}}, {"model": "document_automation.fieldvalue", "pk": 3817, "fields": {"loan_profile": 64, "master_object": 247, "field": 37, "value": "Cục Cảnh Sát QLHC về TTXH"}}, {"model": "document_automation.fieldvalue", "pk": 3818, "fields": {"loan_profile": 64, "master_object": 247, "field": 5, "value": "Hoàng Ngọc Diêu"}}, {"model": "document_automation.fieldvalue", "pk": 3819, "fields": {"loan_profile": 64, "master_object": 247, "field": 6, "value": "2784019449"}}, {"model": "document_automation.fieldvalue", "pk": 3820, "fields": {"loan_profile": 64, "master_object": 247, "field": 38, "value": "07/10/2024"}}, {"model": "document_automation.fieldvalue", "pk": 3821, "fields": {"loan_profile": 64, "master_object": 247, "field": 20, "value": "21/03/1983"}}, {"model": "document_automation.fieldvalue", "pk": 3822, "fields": {"loan_profile": 64, "master_object": 247, "field": 7, "value": "Tổ 4, phường Khánh Vĩnh, Khánh Hòa"}}, {"model": "document_automation.fieldvalue", "pk": 3823, "fields": {"loan_profile": 64, "master_object": 247, "field": 8, "value": "0491974523"}}, {"model": "document_automation.fieldvalue", "pk": 3824, "fields": {"loan_profile": null, "master_object": 248, "field": 37, "value": "Cục Cảnh Sát QLHC về TTXH"}}, {"model": "document_automation.fieldvalue", "pk": 3825, "fields": {"loan_profile": null, "master_object": 248, "field": 5, "value": "Lý Hoàng Thy"}}, {"model": "document_automation.fieldvalue", "pk": 3826, "fields": {"loan_profile": null, "master_object": 248, "field": 6, "value": "895625434"}}, {"model": "document_automation.fieldvalue", "pk": 3827, "fields": {"loan_profile": null, "master_object": 248, "field": 38, "value": "09/11/2022"}}, {"model": "document_automation.fieldvalue", "pk": 3828, "fields": {"loan_profile": null, "master_object": 248, "field": 20, "value": "23/02/2000"}}, {"model": "document_automation.fieldvalue", "pk": 3829, "fields": {"loan_profile": null, "master_object": 248, "field": 7, "value": "200 Phan Bội Châu, Buôn Ma Thuột, Đăk Lăk"}}, {"model": "document_automation.fieldvalue", "pk": 3830, "fields": {"loan_profile": null, "master_object": 248, "field": 8, "value": "0398247786"}}, {"model": "document_automation.fieldvalue", "pk": 3831, "fields": {"loan_profile": 64, "master_object": 248, "field": 37, "value": "Cục Cảnh Sát QLHC về TTXH"}}, {"model": "document_automation.fieldvalue", "pk": 3832, "fields": {"loan_profile": 64, "master_object": 248, "field": 5, "value": "Lý Hoàng Thy"}}, {"model": "document_automation.fieldvalue", "pk": 3833, "fields": {"loan_profile": 64, "master_object": 248, "field": 6, "value": "895625434"}}, {"model": "document_automation.fieldvalue", "pk": 3834, "fields": {"loan_profile": 64, "master_object": 248, "field": 38, "value": "09/11/2022"}}, {"model": "document_automation.fieldvalue", "pk": 3835, "fields": {"loan_profile": 64, "master_object": 248, "field": 20, "value": "23/02/2000"}}, {"model": "document_automation.fieldvalue", "pk": 3836, "fields": {"loan_profile": 64, "master_object": 248, "field": 7, "value": "200 Phan Bội Châu, Buôn Ma Thuột, Đăk Lăk"}}, {"model": "document_automation.fieldvalue", "pk": 3837, "fields": {"loan_profile": 64, "master_object": 248, "field": 8, "value": "0398247786"}}, {"model": "document_automation.fieldvalue", "pk": 3838, "fields": {"loan_profile": 64, "master_object": 243, "field": 54, "value": "Đặng Thị Thoan"}}, {"model": "document_automation.fieldvalue", "pk": 3839, "fields": {"loan_profile": 64, "master_object": 243, "field": 55, "value": "Phó Giám Đốc"}}, {"model": "document_automation.fieldvalue", "pk": 3840, "fields": {"loan_profile": 64, "master_object": 243, "field": 56, "value": "1144/2025/QĐ-TGĐ ngày 19/05/2024"}}, {"model": "document_automation.fieldvalue", "pk": 3841, "fields": {"loan_profile": 64, "master_object": 243, "field": 57, "value": "066084012784"}}, {"model": "document_automation.fieldvalue", "pk": 3842, "fields": {"loan_profile": null, "master_object": 249, "field": 21, "value": "HĐTC/2100/18947864"}}, {"model": "document_automation.fieldvalue", "pk": 3843, "fields": {"loan_profile": null, "master_object": 249, "field": 50, "value": "6000000000"}}, {"model": "document_automation.fieldvalue", "pk": 3844, "fields": {"loan_profile": null, "master_object": 249, "field": 23, "value": "01/03/2026"}}, {"model": "document_automation.fieldvalue", "pk": 3845, "fields": {"loan_profile": 64, "master_object": 249, "field": 21, "value": "HĐTC/2100/18947864"}}, {"model": "document_automation.fieldvalue", "pk": 3846, "fields": {"loan_profile": 64, "master_object": 249, "field": 50, "value": "6000000000"}}, {"model": "document_automation.fieldvalue", "pk": 3847, "fields": {"loan_profile": 64, "master_object": 249, "field": 23, "value": "01/03/2026"}}, {"model": "document_automation.fieldvalue", "pk": 3848, "fields": {"loan_profile": 64, "master_object": 245, "field": 26, "value": "BK89257852"}}, {"model": "document_automation.fieldvalue", "pk": 3849, "fields": {"loan_profile": 64, "master_object": 245, "field": 27, "value": "CS2894093"}}, {"model": "document_automation.fieldvalue", "pk": 3850, "fields": {"loan_profile": 64, "master_object": 245, "field": 10, "value": "64"}}, {"model": "document_automation.fieldvalue", "pk": 3851, "fields": {"loan_profile": 64, "master_object": 245, "field": 9, "value": "12"}}, {"model": "document_automation.fieldvalue", "pk": 3852, "fields": {"loan_profile": 64, "master_object": 245, "field": 40, "value": "23/02/2024"}}, {"model": "document_automation.fieldvalue", "pk": 3853, "fields": {"loan_profile": 64, "master_object": 245, "field": 41, "value": "Văn phòng ĐKĐĐ khu vực Buôn Ma Thuột"}}, {"model": "document_automation.fieldvalue", "pk": 3854, "fields": {"loan_profile": 64, "master_object": 245, "field": 12, "value": "120"}}, {"model": "document_automation.fieldvalue", "pk": 3855, "fields": {"loan_profile": 64, "master_object": 245, "field": 13, "value": "Sử dụng riêng"}}, {"model": "document_automation.fieldvalue", "pk": 3856, "fields": {"loan_profile": 64, "master_object": 245, "field": 15, "value": "Đất ở đô thị"}}, {"model": "document_automation.fieldvalue", "pk": 3857, "fields": {"loan_profile": 64, "master_object": 245, "field": 16, "value": "2060"}}, {"model": "document_automation.fieldvalue", "pk": 3858, "fields": {"loan_profile": 64, "master_object": 245, "field": 11, "value": "TDP 4, Khánh Vĩnh, Khánh Hòa"}}, {"model": "document_automation.fieldvalue", "pk": 3859, "fields": {"loan_profile": 64, "master_object": 245, "field": 52, "value": "Được cho tặng"}}, {"model": "document_automation.fieldvalue", "pk": 3860, "fields": {"loan_profile": 64, "master_object": 245, "field": 39, "value": "Giấy chứng nhận quyền sử dụng đất quyền sở hữu tài sản khác gắn liền với đất số BK89257852, số vào sổ cấp GCN: CS2894093 do Văn phòng ĐKĐĐ khu vực Buôn Ma Thuột cấp ngày 23/02/2024."}}, {"model": "document_automation.fieldvalue", "pk": 3861, "fields": {"loan_profile": 64, "master_object": 245, "field": 75, "value": "784352"}}, {"model": "document_automation.fieldvalue", "pk": 3862, "fields": {"loan_profile": 64, "master_object": 245, "field": 76, "value": "23/02/2026"}}, {"model": "document_automation.fieldvalue", "pk": 3863, "fields": {"loan_profile": 64, "master_object": 245, "field": 49, "value": "6000000000"}}, {"model": "document_automation.fieldvalue", "pk": 3864, "fields": {"loan_profile": 64, "master_object": 245, "field": 42, "value": "____"}}, {"model": "document_automation.fieldvalue", "pk": 3865, "fields": {"loan_profile": 64, "master_object": 245, "field": 43, "value": "____"}}, {"model": "document_automation.fieldvalue", "pk": 3866, "fields": {"loan_profile": 64, "master_object": 245, "field": 47, "value": "____"}}, {"model": "document_automation.fieldvalue", "pk": 3867, "fields": {"loan_profile": 65, "master_object": 243, "field": 54, "value": "Đặng Thị Thoan"}}, {"model": "document_automation.fieldvalue", "pk": 3868, "fields": {"loan_profile": 65, "master_object": 243, "field": 55, "value": "Phó Giám Đốc"}}, {"model": "document_automation.fieldvalue", "pk": 3869, "fields": {"loan_profile": 65, "master_object": 243, "field": 56, "value": "1144/2025/QĐ-TGĐ ngày 19/05/2024"}}, {"model": "document_automation.fieldvalue", "pk": 3870, "fields": {"loan_profile": 65, "master_object": 243, "field": 57, "value": "066084012784"}}, {"model": "document_automation.fieldvalue", "pk": 3871, "fields": {"loan_profile": 65, "master_object": 245, "field": 10, "value": "64"}}, {"model": "document_automation.fieldvalue", "pk": 3872, "fields": {"loan_profile": 65, "master_object": 245, "field": 13, "value": "Sử dụng riêng"}}, {"model": "document_automation.fieldvalue", "pk": 3873, "fields": {"loan_profile": 65, "master_object": 245, "field": 15, "value": "Đất ở đô thị"}}, {"model": "document_automation.fieldvalue", "pk": 3874, "fields": {"loan_profile": 65, "master_object": 245, "field": 16, "value": "2060"}}, {"model": "document_automation.fieldvalue", "pk": 3875, "fields": {"loan_profile": 65, "master_object": 245, "field": 11, "value": "TDP 4, Khánh Vĩnh, Khánh Hòa"}}, {"model": "document_automation.fieldvalue", "pk": 3876, "fields": {"loan_profile": 65, "master_object": 245, "field": 52, "value": "Được cho tặng"}}, {"model": "document_automation.fieldvalue", "pk": 3877, "fields": {"loan_profile": 65, "master_object": 245, "field": 39, "value": "Giấy chứng nhận quyền sử dụng đất quyền sở hữu tài sản khác gắn liền với đất số BK89257852, số vào sổ cấp GCN: CS2894093 do Văn phòng ĐKĐĐ khu vực Buôn Ma Thuột cấp ngày 23/02/2024."}}, {"model": "document_automation.fieldvalue", "pk": 3878, "fields": {"loan_profile": 65, "master_object": 245, "field": 75, "value": "784352"}}, {"model": "document_automation.fieldvalue", "pk": 3879, "fields": {"loan_profile": 65, "master_object": 245, "field": 76, "value": "23/02/2026"}}, {"model": "document_automation.fieldvalue", "pk": 3880, "fields": {"loan_profile": 65, "master_object": 245, "field": 49, "value": "6000000000"}}, {"model": "document_automation.fieldvalue", "pk": 3881, "fields": {"loan_profile": 65, "master_object": 245, "field": 26, "value": "BK89257852"}}, {"model": "document_automation.fieldvalue", "pk": 3882, "fields": {"loan_profile": 65, "master_object": 245, "field": 27, "value": "CS2894093"}}, {"model": "document_automation.fieldvalue", "pk": 3883, "fields": {"loan_profile": 65, "master_object": 245, "field": 9, "value": "12"}}, {"model": "document_automation.fieldvalue", "pk": 3884, "fields": {"loan_profile": 65, "master_object": 245, "field": 40, "value": "23/02/2024"}}, {"model": "document_automation.fieldvalue", "pk": 3885, "fields": {"loan_profile": 65, "master_object": 245, "field": 41, "value": "Văn phòng ĐKĐĐ khu vực Buôn Ma Thuột"}}, {"model": "document_automation.fieldvalue", "pk": 3886, "fields": {"loan_profile": 65, "master_object": 245, "field": 12, "value": "120"}}, {"model": "document_automation.fieldvalue", "pk": 3887, "fields": {"loan_profile": 65, "master_object": 245, "field": 42, "value": "____"}}, {"model": "document_automation.fieldvalue", "pk": 3888, "fields": {"loan_profile": 65, "master_object": 245, "field": 43, "value": "____"}}, {"model": "document_automation.fieldvalue", "pk": 3889, "fields": {"loan_profile": 65, "master_object": 245, "field": 47, "value": "____"}}, {"model": "document_automation.fieldvalue", "pk": 3890, "fields": {"loan_profile": 65, "master_object": 246, "field": 64, "value": "DAL.HDTDHM.30276"}}, {"model": "document_automation.fieldvalue", "pk": 3891, "fields": {"loan_profile": 65, "master_object": 246, "field": 68, "value": "Ngày 10 hằng tháng."}}, {"model": "document_automation.fieldvalue", "pk": 3892, "fields": {"loan_profile": 65, "master_object": 246, "field": 72, "value": "2000000"}}, {"model": "document_automation.fieldvalue", "pk": 3893, "fields": {"loan_profile": 65, "master_object": 246, "field": 73, "value": "0.5"}}, {"model": "document_automation.fieldvalue", "pk": 3894, "fields": {"loan_profile": 65, "master_object": 246, "field": 81, "value": "6"}}, {"model": "document_automation.fieldvalue", "pk": 3895, "fields": {"loan_profile": 65, "master_object": 246, "field": 82, "value": "120"}}, {"model": "document_automation.fieldvalue", "pk": 3896, "fields": {"loan_profile": 65, "master_object": 246, "field": 65, "value": "4000000000"}}, {"model": "document_automation.fieldvalue", "pk": 3897, "fields": {"loan_profile": 65, "master_object": 246, "field": 66, "value": "Mua bán bất động sản"}}, {"model": "document_automation.fieldvalue", "pk": 3898, "fields": {"loan_profile": 65, "master_object": 247, "field": 5, "value": "Lý Công Cuộc"}}, {"model": "document_automation.fieldvalue", "pk": 3899, "fields": {"loan_profile": 65, "master_object": 247, "field": 6, "value": "2784019449"}}, {"model": "document_automation.fieldvalue", "pk": 3900, "fields": {"loan_profile": 65, "master_object": 247, "field": 7, "value": "Tổ 6, Bình Thạnh, HCM"}}, {"model": "document_automation.fieldvalue", "pk": 3901, "fields": {"loan_profile": 65, "master_object": 247, "field": 8, "value": "09527832342"}}, {"model": "document_automation.fieldvalue", "pk": 3902, "fields": {"loan_profile": 65, "master_object": 247, "field": 20, "value": "25/02/2026"}}, {"model": "document_automation.fieldvalue", "pk": 3903, "fields": {"loan_profile": 65, "master_object": 247, "field": 37, "value": "Cục Cảnh Sát QLHC về TTXH"}}, {"model": "document_automation.fieldvalue", "pk": 3904, "fields": {"loan_profile": 65, "master_object": 247, "field": 38, "value": "04/03/2026"}}, {"model": "document_automation.fieldvalue", "pk": 3912, "fields": {"loan_profile": 65, "master_object": 249, "field": 21, "value": "HĐTC/2100/18947864"}}, {"model": "document_automation.fieldvalue", "pk": 3913, "fields": {"loan_profile": 65, "master_object": 249, "field": 23, "value": "01/03/2026"}}, {"model": "document_automation.fieldvalue", "pk": 3914, "fields": {"loan_profile": 65, "master_object": 249, "field": 50, "value": "6000000000"}}, {"model": "document_automation.fieldvalue", "pk": 3938, "fields": {"loan_profile": 66, "master_object": 247, "field": 5, "value": "Lý Công Cuộc"}}, {"model": "document_automation.fieldvalue", "pk": 3939, "fields": {"loan_profile": 66, "master_object": 247, "field": 6, "value": "2784019449"}}, {"model": "document_automation.fieldvalue", "pk": 3940, "fields": {"loan_profile": 66, "master_object": 247, "field": 7, "value": "Tổ 6, Bình Thạnh, HCM"}}, {"model": "document_automation.fieldvalue", "pk": 3941, "fields": {"loan_profile": 66, "master_object": 247, "field": 8, "value": "09527832342"}}, {"model": "document_automation.fieldvalue", "pk": 3942, "fields": {"loan_profile": 66, "master_object": 247, "field": 20, "value": "25/02/2026"}}, {"model": "document_automation.fieldvalue", "pk": 3943, "fields": {"loan_profile": 66, "master_object": 247, "field": 37, "value": "Cục Cảnh Sát QLHC về TTXH"}}, {"model": "document_automation.fieldvalue", "pk": 3944, "fields": {"loan_profile": 66, "master_object": 247, "field": 38, "value": "04/03/2026"}}, {"model": "document_automation.fieldvalue", "pk": 3945, "fields": {"loan_profile": 66, "master_object": 243, "field": 54, "value": "Đặng Thị Thoan"}}, {"model": "document_automation.fieldvalue", "pk": 3946, "fields": {"loan_profile": 66, "master_object": 243, "field": 55, "value": "Phó Giám Đốc"}}, {"model": "document_automation.fieldvalue", "pk": 3947, "fields": {"loan_profile": 66, "master_object": 243, "field": 56, "value": "1144/2025/QĐ-TGĐ ngày 19/05/2024"}}, {"model": "document_automation.fieldvalue", "pk": 3948, "fields": {"loan_profile": 66, "master_object": 243, "field": 57, "value": "066084012784"}}, {"model": "document_automation.fieldvalue", "pk": 3949, "fields": {"loan_profile": 66, "master_object": 249, "field": 21, "value": "HĐTC/2100/18947864"}}, {"model": "document_automation.fieldvalue", "pk": 3950, "fields": {"loan_profile": 66, "master_object": 249, "field": 23, "value": "01/03/2026"}}, {"model": "document_automation.fieldvalue", "pk": 3951, "fields": {"loan_profile": 66, "master_object": 249, "field": 50, "value": "6000000000"}}, {"model": "document_automation.fieldvalue", "pk": 3952, "fields": {"loan_profile": 66, "master_object": 245, "field": 10, "value": "64"}}, {"model": "document_automation.fieldvalue", "pk": 3953, "fields": {"loan_profile": 66, "master_object": 245, "field": 13, "value": "Sử dụng riêng"}}, {"model": "document_automation.fieldvalue", "pk": 3954, "fields": {"loan_profile": 66, "master_object": 245, "field": 15, "value": "Đất ở đô thị"}}, {"model": "document_automation.fieldvalue", "pk": 3955, "fields": {"loan_profile": 66, "master_object": 245, "field": 16, "value": "2060"}}, {"model": "document_automation.fieldvalue", "pk": 3956, "fields": {"loan_profile": 66, "master_object": 245, "field": 11, "value": "TDP 4, Khánh Vĩnh, Khánh Hòa"}}, {"model": "document_automation.fieldvalue", "pk": 3957, "fields": {"loan_profile": 66, "master_object": 245, "field": 52, "value": "Được cho tặng"}}, {"model": "document_automation.fieldvalue", "pk": 3958, "fields": {"loan_profile": 66, "master_object": 245, "field": 39, "value": "Giấy chứng nhận quyền sử dụng đất quyền sở hữu tài sản khác gắn liền với đất số BK89257852, số vào sổ cấp GCN: CS2894093 do Văn phòng ĐKĐĐ khu vực Buôn Ma Thuột cấp ngày 23/02/2024."}}, {"model": "document_automation.fieldvalue", "pk": 3959, "fields": {"loan_profile": 66, "master_object": 245, "field": 75, "value": "784352"}}, {"model": "document_automation.fieldvalue", "pk": 3960, "fields": {"loan_profile": 66, "master_object": 245, "field": 76, "value": "23/02/2026"}}, {"model": "document_automation.fieldvalue", "pk": 3961, "fields": {"loan_profile": 66, "master_object": 245, "field": 49, "value": "6000000000"}}, {"model": "document_automation.fieldvalue", "pk": 3962, "fields": {"loan_profile": 66, "master_object": 245, "field": 26, "value": "BK89257852"}}, {"model": "document_automation.fieldvalue", "pk": 3963, "fields": {"loan_profile": 66, "master_object": 245, "field": 27, "value": "CS2894093"}}, {"model": "document_automation.fieldvalue", "pk": 3964, "fields": {"loan_profile": 66, "master_object": 245, "field": 9, "value": "12"}}, {"model": "document_automation.fieldvalue", "pk": 3965, "fields": {"loan_profile": 66, "master_object": 245, "field": 40, "value": "23/02/2024"}}, {"model": "document_automation.fieldvalue", "pk": 3966, "fields": {"loan_profile": 66, "master_object": 245, "field": 41, "value": "Văn phòng ĐKĐĐ khu vực Buôn Ma Thuột"}}, {"model": "document_automation.fieldvalue", "pk": 3967, "fields": {"loan_profile": 66, "master_object": 245, "field": 12, "value": "120"}}, {"model": "document_automation.fieldvalue", "pk": 3968, "fields": {"loan_profile": 66, "master_object": 245, "field": 42, "value": "____"}}, {"model": "document_automation.fieldvalue", "pk": 3969, "fields": {"loan_profile": 66, "master_object": 245, "field": 43, "value": "____"}}, {"model": "document_automation.fieldvalue", "pk": 3970, "fields": {"loan_profile": 66, "master_object": 245, "field": 47, "value": "____"}}, {"model": "document_automation.fieldvalue", "pk": 3971, "fields": {"loan_profile": 66, "master_object": 246, "field": 64, "value": "DAL.HDTDHM.30276"}}, {"model": "document_automation.fieldvalue", "pk": 3972, "fields": {"loan_profile": 66, "master_object": 246, "field": 68, "value": "Ngày 10 hằng tháng."}}, {"model": "document_automation.fieldvalue", "pk": 3973, "fields": {"loan_profile": 66, "master_object": 246, "field": 72, "value": "2000000"}}, {"model": "document_automation.fieldvalue", "pk": 3974, "fields": {"loan_profile": 66, "master_object": 246, "field": 73, "value": "0.5"}}, {"model": "document_automation.fieldvalue", "pk": 3975, "fields": {"loan_profile": 66, "master_object": 246, "field": 81, "value": "6"}}, {"model": "document_automation.fieldvalue", "pk": 3976, "fields": {"loan_profile": 66, "master_object": 246, "field": 82, "value": "120"}}, {"model": "document_automation.fieldvalue", "pk": 3977, "fields": {"loan_profile": 66, "master_object": 246, "field": 65, "value": "4000000000"}}, {"model": "document_automation.fieldvalue", "pk": 3978, "fields": {"loan_profile": 66, "master_object": 246, "field": 66, "value": "Mua bán bất động sản"}}, {"model": "document_automation.fieldvalue", "pk": 3995, "fields": {"loan_profile": 67, "master_object": 247, "field": 5, "value": "Lý Công Cuộc"}}, {"model": "document_automation.fieldvalue", "pk": 3996, "fields": {"loan_profile": 67, "master_object": 247, "field": 6, "value": "2784019449"}}, {"model": "document_automation.fieldvalue", "pk": 3997, "fields": {"loan_profile": 67, "master_object": 247, "field": 7, "value": "Tổ 6, Bình Thạnh, HCM"}}, {"model": "document_automation.fieldvalue", "pk": 3998, "fields": {"loan_profile": 67, "master_object": 247, "field": 8, "value": "09527832342"}}, {"model": "document_automation.fieldvalue", "pk": 3999, "fields": {"loan_profile": 67, "master_object": 247, "field": 20, "value": "25/02/2026"}}, {"model": "document_automation.fieldvalue", "pk": 4000, "fields": {"loan_profile": 67, "master_object": 247, "field": 37, "value": "Cục Cảnh Sát QLHC về TTXH"}}, {"model": "document_automation.fieldvalue", "pk": 4001, "fields": {"loan_profile": 67, "master_object": 247, "field": 38, "value": "04/03/2026"}}, {"model": "document_automation.fieldvalue", "pk": 4002, "fields": {"loan_profile": 67, "master_object": 243, "field": 54, "value": "Đặng Thị Thoan"}}, {"model": "document_automation.fieldvalue", "pk": 4003, "fields": {"loan_profile": 67, "master_object": 243, "field": 55, "value": "Phó Giám Đốc"}}, {"model": "document_automation.fieldvalue", "pk": 4004, "fields": {"loan_profile": 67, "master_object": 243, "field": 56, "value": "1144/2025/QĐ-TGĐ ngày 19/05/2024"}}, {"model": "document_automation.fieldvalue", "pk": 4005, "fields": {"loan_profile": 67, "master_object": 243, "field": 57, "value": "066084012784"}}, {"model": "document_automation.fieldvalue", "pk": 4006, "fields": {"loan_profile": 67, "master_object": 249, "field": 21, "value": "HĐTC/2100/18947864"}}, {"model": "document_automation.fieldvalue", "pk": 4007, "fields": {"loan_profile": 67, "master_object": 249, "field": 23, "value": "01/03/2026"}}, {"model": "document_automation.fieldvalue", "pk": 4008, "fields": {"loan_profile": 67, "master_object": 249, "field": 50, "value": "6000000000"}}, {"model": "document_automation.fieldvalue", "pk": 4009, "fields": {"loan_profile": 67, "master_object": 245, "field": 39, "value": "Giấy chứng nhận quyền sử dụng đất quyền sở hữu tài sản khác gắn liền với đất số BK89257852, số vào sổ cấp GCN: CS2894093 do Văn phòng ĐKĐĐ khu vực Buôn Ma Thuột cấp ngày 23/02/2024."}}, {"model": "document_automation.fieldvalue", "pk": 4010, "fields": {"loan_profile": 67, "master_object": 245, "field": 75, "value": "784352"}}, {"model": "document_automation.fieldvalue", "pk": 4011, "fields": {"loan_profile": 67, "master_object": 245, "field": 76, "value": "23/02/2026"}}, {"model": "document_automation.fieldvalue", "pk": 4012, "fields": {"loan_profile": 67, "master_object": 245, "field": 49, "value": "6000000000"}}, {"model": "document_automation.fieldvalue", "pk": 4013, "fields": {"loan_profile": 67, "master_object": 245, "field": 26, "value": "BK89257852"}}, {"model": "document_automation.fieldvalue", "pk": 4014, "fields": {"loan_profile": 67, "master_object": 245, "field": 27, "value": "CS2894093"}}, {"model": "document_automation.fieldvalue", "pk": 4015, "fields": {"loan_profile": 67, "master_object": 245, "field": 9, "value": "12"}}, {"model": "document_automation.fieldvalue", "pk": 4016, "fields": {"loan_profile": 67, "master_object": 245, "field": 40, "value": "23/02/2024"}}, {"model": "document_automation.fieldvalue", "pk": 4017, "fields": {"loan_profile": 67, "master_object": 245, "field": 41, "value": "Văn phòng ĐKĐĐ khu vực Buôn Ma Thuột"}}, {"model": "document_automation.fieldvalue", "pk": 4018, "fields": {"loan_profile": 67, "master_object": 245, "field": 12, "value": "120"}}, {"model": "document_automation.fieldvalue", "pk": 4019, "fields": {"loan_profile": 67, "master_object": 245, "field": 42, "value": "____"}}, {"model": "document_automation.fieldvalue", "pk": 4020, "fields": {"loan_profile": 67, "master_object": 245, "field": 43, "value": "____"}}, {"model": "document_automation.fieldvalue", "pk": 4021, "fields": {"loan_profile": 67, "master_object": 245, "field": 47, "value": "____"}}, {"model": "document_automation.fieldvalue", "pk": 4022, "fields": {"loan_profile": 67, "master_object": 245, "field": 10, "value": "64"}}, {"model": "document_automation.fieldvalue", "pk": 4023, "fields": {"loan_profile": 67, "master_object": 245, "field": 13, "value": "Sử dụng riêng"}}, {"model": "document_automation.fieldvalue", "pk": 4024, "fields": {"loan_profile": 67, "master_object": 245, "field": 15, "value": "Đất ở đô thị"}}, {"model": "document_automation.fieldvalue", "pk": 4025, "fields": {"loan_profile": 67, "master_object": 245, "field": 16, "value": "2060"}}, {"model": "document_automation.fieldvalue", "pk": 4026, "fields": {"loan_profile": 67, "master_object": 245, "field": 11, "value": "TDP 4, Khánh Vĩnh, Khánh Hòa"}}, {"model": "document_automation.fieldvalue", "pk": 4027, "fields": {"loan_profile": 67, "master_object": 245, "field": 52, "value": "Được cho tặng"}}, {"model": "document_automation.fieldvalue", "pk": 4028, "fields": {"loan_profile": 67, "master_object": 246, "field": 64, "value": "DAL.HDTDHM.30276"}}, {"model": "document_automation.fieldvalue", "pk": 4029, "fields": {"loan_profile": 67, "master_object": 246, "field": 68, "value": "Ngày 10 hằng tháng."}}, {"model": "document_automation.fieldvalue", "pk": 4030, "fields": {"loan_profile": 67, "master_object": 246, "field": 72, "value": "2000000"}}, {"model": "document_automation.fieldvalue", "pk": 4031, "fields": {"loan_profile": 67, "master_object": 246, "field": 73, "value": "0.5"}}, {"model": "document_automation.fieldvalue", "pk": 4032, "fields": {"loan_profile": 67, "master_object": 246, "field": 81, "value": "6"}}, {"model": "document_automation.fieldvalue", "pk": 4033, "fields": {"loan_profile": 67, "master_object": 246, "field": 82, "value": "120"}}, {"model": "document_automation.fieldvalue", "pk": 4034, "fields": {"loan_profile": 67, "master_object": 246, "field": 65, "value": "4000000000"}}, {"model": "document_automation.fieldvalue", "pk": 4035, "fields": {"loan_profile": 67, "master_object": 246, "field": 66, "value": "Mua bán bất động sản"}}, {"model": "document_automation.fieldvalue", "pk": 4036, "fields": {"loan_profile": null, "master_object": 252, "field": 37, "value": "Cục Cảnh Sát QLHC về TTXH"}}, {"model": "document_automation.fieldvalue", "pk": 4037, "fields": {"loan_profile": null, "master_object": 252, "field": 5, "value": "Phước Thịnh"}}, {"model": "document_automation.fieldvalue", "pk": 4038, "fields": {"loan_profile": null, "master_object": 252, "field": 6, "value": "11223344"}}, {"model": "document_automation.fieldvalue", "pk": 4039, "fields": {"loan_profile": null, "master_object": 252, "field": 38, "value": "09/03/2000"}}, {"model": "document_automation.fieldvalue", "pk": 4040, "fields": {"loan_profile": null, "master_object": 252, "field": 20, "value": "02/03/1989"}}, {"model": "document_automation.fieldvalue", "pk": 4041, "fields": {"loan_profile": null, "master_object": 252, "field": 7, "value": "163, Trịnh Bá Hổ, Phường Sài Gòn, tp Hồ Chí Minh"}}, {"model": "document_automation.fieldvalue", "pk": 4042, "fields": {"loan_profile": null, "master_object": 252, "field": 8, "value": "7352424"}}, {"model": "document_automation.fieldvalue", "pk": 4109, "fields": {"loan_profile": null, "master_object": 255, "field": 64, "value": "DAL.HDTDHM.298452"}}, {"model": "document_automation.fieldvalue", "pk": 4110, "fields": {"loan_profile": null, "master_object": 255, "field": 68, "value": "Ngày 10 hằng tháng."}}, {"model": "document_automation.fieldvalue", "pk": 4111, "fields": {"loan_profile": null, "master_object": 255, "field": 72, "value": "2000000"}}, {"model": "document_automation.fieldvalue", "pk": 4112, "fields": {"loan_profile": null, "master_object": 255, "field": 73, "value": "0.5"}}, {"model": "document_automation.fieldvalue", "pk": 4113, "fields": {"loan_profile": null, "master_object": 255, "field": 81, "value": "6"}}, {"model": "document_automation.fieldvalue", "pk": 4114, "fields": {"loan_profile": null, "master_object": 255, "field": 82, "value": "120"}}, {"model": "document_automation.fieldvalue", "pk": 4115, "fields": {"loan_profile": null, "master_object": 255, "field": 65, "value": "9000000000"}}, {"model": "document_automation.fieldvalue", "pk": 4116, "fields": {"loan_profile": null, "master_object": 255, "field": 66, "value": "Bổ sung vốn kinh doanh"}}, {"model": "document_automation.fieldvalue", "pk": 4117, "fields": {"loan_profile": 69, "master_object": 255, "field": 64, "value": "DAL.HDTDHM.298452"}}, {"model": "document_automation.fieldvalue", "pk": 4118, "fields": {"loan_profile": 69, "master_object": 255, "field": 68, "value": "Ngày 10 hằng tháng."}}, {"model": "document_automation.fieldvalue", "pk": 4119, "fields": {"loan_profile": 69, "master_object": 255, "field": 72, "value": "2000000"}}, {"model": "document_automation.fieldvalue", "pk": 4120, "fields": {"loan_profile": 69, "master_object": 255, "field": 73, "value": "0.5"}}, {"model": "document_automation.fieldvalue", "pk": 4121, "fields": {"loan_profile": 69, "master_object": 255, "field": 81, "value": "6"}}, {"model": "document_automation.fieldvalue", "pk": 4122, "fields": {"loan_profile": 69, "master_object": 255, "field": 82, "value": "120"}}, {"model": "document_automation.fieldvalue", "pk": 4123, "fields": {"loan_profile": 69, "master_object": 255, "field": 65, "value": "9000000000"}}, {"model": "document_automation.fieldvalue", "pk": 4124, "fields": {"loan_profile": 69, "master_object": 255, "field": 66, "value": "Bổ sung vốn kinh doanh"}}, {"model": "document_automation.fieldvalue", "pk": 4150, "fields": {"loan_profile": 70, "master_object": 255, "field": 64, "value": "DAL.HDTDHM.298452"}}, {"model": "document_automation.fieldvalue", "pk": 4151, "fields": {"loan_profile": 70, "master_object": 255, "field": 65, "value": "9000000000"}}, {"model": "document_automation.fieldvalue", "pk": 4152, "fields": {"loan_profile": 70, "master_object": 255, "field": 66, "value": "Bổ sung vốn kinh doanh"}}, {"model": "document_automation.fieldvalue", "pk": 4153, "fields": {"loan_profile": 70, "master_object": 255, "field": 68, "value": "Ngày 10 hằng tháng."}}, {"model": "document_automation.fieldvalue", "pk": 4154, "fields": {"loan_profile": 70, "master_object": 255, "field": 72, "value": "2000000"}}, {"model": "document_automation.fieldvalue", "pk": 4155, "fields": {"loan_profile": 70, "master_object": 255, "field": 73, "value": "0.5"}}, {"model": "document_automation.fieldvalue", "pk": 4156, "fields": {"loan_profile": 70, "master_object": 255, "field": 81, "value": "6"}}, {"model": "document_automation.fieldvalue", "pk": 4157, "fields": {"loan_profile": 70, "master_object": 255, "field": 82, "value": "120"}}, {"model": "document_automation.fieldvalue", "pk": 4158, "fields": {"loan_profile": 70, "master_object": 252, "field": 37, "value": "Cục Cảnh Sát QLHC về TTXH"}}, {"model": "document_automation.fieldvalue", "pk": 4159, "fields": {"loan_profile": 70, "master_object": 252, "field": 5, "value": "Hoàng Thị Thúy Quyên"}}, {"model": "document_automation.fieldvalue", "pk": 4160, "fields": {"loan_profile": 70, "master_object": 252, "field": 6, "value": "11223344"}}, {"model": "document_automation.fieldvalue", "pk": 4161, "fields": {"loan_profile": null, "master_object": 257, "field": 54, "value": "đại diện 1"}}, {"model": "document_automation.fieldvalue", "pk": 4162, "fields": {"loan_profile": null, "master_object": 257, "field": 57, "value": "9035878000482"}}, {"model": "document_automation.fieldvalue", "pk": 4163, "fields": {"loan_profile": null, "master_object": 257, "field": 55, "value": "sếp"}}, {"model": "document_automation.fieldvalue", "pk": 4164, "fields": {"loan_profile": null, "master_object": 257, "field": 56, "value": "89257"}}, {"model": "document_automation.userprofile", "pk": 2, "fields": {"user": 6, "full_name": "Phan Xuân Phước Thịnh", "phone": "0935691563", "workplace": "Vietbank Dak Lak", "department": "IT", "note": "Founder sapnhap.org"}}, {"model": "document_automation.userprofile", "pk": 3, "fields": {"user": 1, "full_name": null, "phone": null, "workplace": null, "department": null, "note": null}}, {"model": "document_automation.userprofile", "pk": 4, "fields": {"user": 7, "full_name": "Nguyễn Văn Test 2", "phone": "093428948", "workplace": "hà nội", "department": "dvkh doanh nghiệp", "note": "khách hàng test"}}, {"model": "document_automation.userprofile", "pk": 12, "fields": {"user": 15, "full_name": "Tester Updated", "phone": "0123456789", "workplace": "Vietbank", "department": "IT", "note": null}}, {"model": "document_automation.auditlog", "pk": 315, "fields": {"user": 6, "action": "CREATE", "target_model": "MasterObject:ATTORNEY", "target_id": "257", "details": "Tạo mới dữ liệu gốc", "timestamp": "2026-03-04T06:37:31.398Z"}}, {"model": "document_automation.masterobjectrelation", "pk": 203, "fields": {"source_object": 241, "target_object": 240, "relation_type": "OWNER", "created_at": "2026-03-02T07:40:29.688Z", "updated_at": "2026-03-02T07:40:29.688Z"}}, {"model": "document_automation.masterobjectrelation", "pk": 204, "fields": {"source_object": 241, "target_object": 243, "relation_type": "OWNER", "created_at": "2026-03-02T07:40:29.692Z", "updated_at": "2026-03-02T07:40:29.692Z"}}, {"model": "document_automation.masterobjectrelation", "pk": 205, "fields": {"source_object": 241, "target_object": 244, "relation_type": "OWNER", "created_at": "2026-03-02T07:40:29.695Z", "updated_at": "2026-03-02T07:40:29.695Z"}}, {"model": "document_automation.masterobjectrelation", "pk": 206, "fields": {"source_object": 241, "target_object": 245, "relation_type": "OWNER", "created_at": "2026-03-02T07:40:29.698Z", "updated_at": "2026-03-02T07:40:29.698Z"}}, {"model": "document_automation.masterobjectrelation", "pk": 207, "fields": {"source_object": 242, "target_object": 240, "relation_type": "OWNER", "created_at": "2026-03-02T07:40:29.708Z", "updated_at": "2026-03-02T07:40:29.708Z"}}, {"model": "document_automation.masterobjectrelation", "pk": 208, "fields": {"source_object": 242, "target_object": 243, "relation_type": "OWNER", "created_at": "2026-03-02T07:40:29.711Z", "updated_at": "2026-03-02T07:40:29.711Z"}}, {"model": "document_automation.masterobjectrelation", "pk": 209, "fields": {"source_object": 242, "target_object": 244, "relation_type": "OWNER", "created_at": "2026-03-02T07:40:29.714Z", "updated_at": "2026-03-02T07:40:29.714Z"}}, {"model": "document_automation.masterobjectrelation", "pk": 210, "fields": {"source_object": 242, "target_object": 245, "relation_type": "OWNER", "created_at": "2026-03-02T07:40:29.717Z", "updated_at": "2026-03-02T07:40:29.717Z"}}, {"model": "document_automation.masterobjectrelation", "pk": 211, "fields": {"source_object": 247, "target_object": 245, "relation_type": "OWNER", "created_at": "2026-03-02T08:00:43.416Z", "updated_at": "2026-03-02T08:00:43.416Z"}}, {"model": "document_automation.masterobjectrelation", "pk": 212, "fields": {"source_object": 247, "target_object": 246, "relation_type": "OWNER", "created_at": "2026-03-02T08:00:43.420Z", "updated_at": "2026-03-02T08:00:43.420Z"}}, {"model": "document_automation.masterobjectrelation", "pk": 213, "fields": {"source_object": 247, "target_object": 243, "relation_type": "OWNER", "created_at": "2026-03-02T08:00:43.423Z", "updated_at": "2026-03-02T08:00:43.423Z"}}, {"model": "document_automation.masterobjectrelation", "pk": 214, "fields": {"source_object": 247, "target_object": 249, "relation_type": "OWNER", "created_at": "2026-03-02T08:00:43.428Z", "updated_at": "2026-03-02T08:00:43.428Z"}}, {"model": "document_automation.masterobjectrelation", "pk": 215, "fields": {"source_object": 248, "target_object": 245, "relation_type": "OWNER", "created_at": "2026-03-02T08:00:43.437Z", "updated_at": "2026-03-02T08:00:43.437Z"}}, {"model": "document_automation.masterobjectrelation", "pk": 216, "fields": {"source_object": 248, "target_object": 246, "relation_type": "OWNER", "created_at": "2026-03-02T08:00:43.440Z", "updated_at": "2026-03-02T08:00:43.440Z"}}, {"model": "document_automation.masterobjectrelation", "pk": 217, "fields": {"source_object": 248, "target_object": 243, "relation_type": "OWNER", "created_at": "2026-03-02T08:00:43.442Z", "updated_at": "2026-03-02T08:00:43.442Z"}}, {"model": "document_automation.masterobjectrelation", "pk": 218, "fields": {"source_object": 248, "target_object": 249, "relation_type": "OWNER", "created_at": "2026-03-02T08:00:43.445Z", "updated_at": "2026-03-02T08:00:43.445Z"}}, {"model": "document_automation.masterobjectrelation", "pk": 229, "fields": {"source_object": 252, "target_object": 255, "relation_type": "OWNER", "created_at": "2026-03-03T10:10:53.835Z", "updated_at": "2026-03-03T10:10:53.835Z"}}, {"model": "document_automation.adminnotification", "pk": 1, "fields": {"title": "test thông báo 1", "content": "Test xem hệ thống có thông báo push không.", "type": "INFO", "is_active": true, "expires_at": "2026-03-04T10:31:02Z", "created_at": "2026-03-03T07:40:37.370Z", "created_by": 6}}, {"model": "document_automation.notificationread", "pk": 1, "fields": {"notification": 1, "user": 7, "read_at": "2026-03-03T07:40:47.280Z"}}, {"model": "document_automation.notificationread", "pk": 2, "fields": {"notification": 1, "user": 6, "read_at": "2026-03-03T07:41:11.767Z"}}]